UMAP1,UMAP2,name,predicted_inc,inc.prob,sec.prob
-3.5418112,6.1490993,GCF_000006685___0,Negative,0.0,0.0007
-0.21886565,7.0348983,GCF_000006685___1,Negative,0.0001,0.1036
3.7043147,5.5159464,GCF_000006685___2,Negative,0.0055,0.9896
2.3970954,5.3610954,GCF_000006685___3,Negative,0.0002,0.9345
-0.78179973,6.0839868,GCF_000006685___4,Negative,0.0,0.0291
0.27629364,5.7769456,GCF_000006685___5,Negative,0.0012,0.0363
0.9922009,5.411692,GCF_000006685___6,Negative,0.0001,0.7745
2.5205457,6.3066907,GCF_000006685___7,Negative,0.0,0.9954
7.4570985,-0.19050884,GCF_000006685___8,Negative,0.1631,0.0026
7.29557,6.3137507,GCF_000006685___9,Inc-protein,0.9999,0.0001
4.5052547,4.264288,GCF_000006685___10,Negative,0.2011,0.031
-2.7043633,4.1220255,GCF_000006685___11,Negative,0.0,0.0154
-0.29271007,5.414519,GCF_000006685___12,Negative,0.0001,0.0748
8.348491,-0.14928374,GCF_000006685___13,Negative,0.0133,0.0001
6.667627,0.87714356,GCF_000006685___14,Negative,0.3896,0.5471
6.9878645,-0.31603196,GCF_000006685___15,Negative,0.0052,0.002
3.421249,0.3794173,GCF_000006685___16,Negative,0.0003,0.7482
-1.4718949,5.693423,GCF_000006685___17,Negative,0.0,0.0094
-3.2535622,5.042208,GCF_000006685___18,Negative,0.0,0.0017
4.5820007,4.675622,GCF_000006685___19,Negative,0.0016,0.9481
5.178998,0.47831833,GCF_000006685___20,Negative,0.0177,0.8175
1.2232003,6.1142936,GCF_000006685___21,Negative,0.0002,0.4851
2.6932857,5.9495316,GCF_000006685___22,Negative,0.0107,0.1593
-2.8807611,5.4161925,GCF_000006685___23,Negative,0.0,0.004
4.516714,4.7865624,GCF_000006685___24,Negative,0.0333,0.8758
-3.2036967,6.078758,GCF_000006685___25,Negative,0.0,0.0006
3.4935665,6.362742,GCF_000006685___26,Negative,0.0012,0.2992
3.7566743,4.8180356,GCF_000006685___27,Negative,0.0003,0.6479
-0.38516846,5.962299,GCF_000006685___28,Negative,0.0,0.0695
-3.0260153,5.685077,GCF_000006685___29,Negative,0.0,0.0002
-0.9773743,5.7098136,GCF_000006685___30,Negative,0.0001,0.0594
-2.0988083,6.627664,GCF_000006685___31,Negative,0.0,0.0172
1.4026537,6.5844336,GCF_000006685___32,Negative,0.0,0.743
2.801397,6.6671047,GCF_000006685___33,Negative,0.0,0.0494
2.3671112,4.9001627,GCF_000006685___34,Negative,0.015,0.867
3.574098,5.087249,GCF_000006685___35,Negative,0.0029,0.7727
2.9363263,6.724727,GCF_000006685___36,Negative,0.0008,0.013
2.1491282,5.871794,GCF_000006685___37,Negative,0.0004,0.2517
5.419439,7.242383,GCF_000006685___38,Negative,0.0108,0.8096
-0.67389613,6.9931097,GCF_000006685___39,Negative,0.0,0.0089
1.8888547,5.0560756,GCF_000006685___40,Negative,0.0039,0.1578
5.525054,7.173854,GCF_000006685___41,Negative,0.0,0.9988
2.5654955,6.37879,GCF_000006685___42,Negative,0.0004,0.3282
2.3225749,6.1725545,GCF_000006685___43,Negative,0.0009,0.7991
4.2394123,-0.08625267,GCF_000006685___44,Negative,0.0017,0.1753
1.151197,6.0234914,GCF_000006685___45,Negative,0.0,0.8901
2.1740398,6.45947,GCF_000006685___46,Negative,0.0,0.6804
1.4861127,5.300438,GCF_000006685___47,Negative,0.0001,0.0999
-1.9632471,6.2076893,GCF_000006685___48,Negative,0.0,0.004
0.97862357,5.5367703,GCF_000006685___49,Negative,0.0005,0.2057
-2.6994412,6.169368,GCF_000006685___50,Negative,0.0,0.0211
3.895178,-0.07310904,GCF_000006685___51,Negative,0.0001,0.1531
4.700119,-0.13946696,GCF_000006685___52,Negative,0.0001,0.0337
2.3356948,5.979599,GCF_000006685___53,Negative,0.0003,0.6905
-3.575977,5.806746,GCF_000006685___54,Negative,0.0,0.0124
-0.23374996,6.58641,GCF_000006685___55,Negative,0.0,0.0093
1.5111831,6.29744,GCF_000006685___56,Negative,0.0,0.9868
-1.688206,6.355935,GCF_000006685___57,Negative,0.0,0.0061
2.2818193,5.33949,GCF_000006685___58,Negative,0.0,0.9011
-0.012062036,5.530861,GCF_000006685___59,Negative,0.0001,0.024
-1.7973591,5.4420743,GCF_000006685___60,Negative,0.0,0.0022
-2.539566,6.6354218,GCF_000006685___61,Negative,0.0,0.0011
8.347082,-1.1785529,GCF_000006685___62,Negative,0.002,0.0
-3.061907,5.902724,GCF_000006685___63,Negative,0.0,0.0035
5.6098228,7.1893206,GCF_000006685___64,Negative,0.0007,0.9863
5.3762374,6.698405,GCF_000006685___65,Negative,0.0105,0.9895
3.5560312,5.3922186,GCF_000006685___66,Negative,0.0033,0.9954
-2.081819,5.3306212,GCF_000006685___67,Negative,0.0,0.007
-0.12987489,6.691934,GCF_000006685___68,Negative,0.0,0.0862
-1.0568912,6.4674916,GCF_000006685___69,Negative,0.0004,0.0951
7.333572,0.5720599,GCF_000006685___70,Negative,0.795,0.0039
-0.9670764,5.1310945,GCF_000006685___71,Negative,0.0001,0.0285
3.269037,6.676485,GCF_000006685___72,Negative,0.0,0.2457
-1.93734,5.224566,GCF_000006685___73,Negative,0.0,0.0151
0.12402039,5.01606,GCF_000006685___74,Negative,0.0001,0.5827
-3.6148903,4.9839716,GCF_000006685___75,Negative,0.0,0.0016
-3.8767781,5.360201,GCF_000006685___76,Negative,0.0,0.0003
2.359025,5.5667195,GCF_000006685___77,Negative,0.005,0.9305
-0.8833171,6.7285876,GCF_000006685___78,Negative,0.0,0.3897
-2.1577084,5.2135553,GCF_000006685___79,Negative,0.0,0.002
-0.9207868,7.2320127,GCF_000006685___80,Negative,0.0,0.0661
5.4049954,7.273121,GCF_000006685___81,Negative,0.0001,0.9974
5.407627,7.250195,GCF_000006685___82,Negative,0.0005,0.9971
3.2875645,0.33483902,GCF_000006685___83,Negative,0.0002,0.8808
-1.8711479,6.1829796,GCF_000006685___84,Negative,0.0,0.0088
-0.67470956,6.945289,GCF_000006685___85,Negative,0.0,0.1205
2.185309,4.999652,GCF_000006685___86,Negative,0.0008,0.4918
1.5439341,6.7265673,GCF_000006685___87,Negative,0.0001,0.5393
1.7728174,6.6012144,GCF_000006685___88,Negative,0.0002,0.9946
5.45207,0.59478635,GCF_000006685___89,Negative,0.0286,0.9297
-1.6755683,6.6934276,GCF_000006685___90,Negative,0.0,0.101
1.3634048,6.2407923,GCF_000006685___91,Negative,0.0004,0.9758
-1.5965616,4.6649804,GCF_000006685___92,Negative,0.0001,0.0373
-0.45703322,6.625513,GCF_000006685___93,Negative,0.0,0.0408
6.8991046,0.7843906,GCF_000006685___94,Inc-protein,0.9827,0.0137
-1.2528988,6.6706233,GCF_000006685___95,Negative,0.0,0.0088
8.257488,-0.732652,GCF_000006685___96,Negative,0.0043,0.0001
8.206623,-0.028295027,GCF_000006685___97,Negative,0.168,0.0005
7.247424,0.8060426,GCF_000006685___98,Inc-protein,0.9687,0.0009
-2.6700206,4.8343124,GCF_000006685___99,Negative,0.0002,0.0096
-2.1291773,6.3020144,GCF_000006685___100,Negative,0.0,0.0077
-2.3756487,5.9257736,GCF_000006685___101,Negative,0.0,0.003
-0.59369934,4.9807014,GCF_000006685___102,Negative,0.0002,0.0126
4.207607,0.77632225,GCF_000006685___103,Negative,0.0004,0.9974
3.9706507,0.42039177,GCF_000006685___104,Negative,0.0019,0.9441
8.330858,0.0834868,GCF_000006685___105,Negative,0.0568,0.0004
-0.45163605,7.242349,GCF_000006685___106,Negative,0.0002,0.0504
2.5733447,5.293443,GCF_000006685___107,Negative,0.0,0.9885
0.099122405,6.7533236,GCF_000006685___108,Negative,0.0001,0.0458
7.7206135,0.40197527,GCF_000006685___109,Negative,0.1517,0.0105
4.516673,4.5787053,GCF_000006685___110,Negative,0.0048,0.3489
4.1252437,5.3181405,GCF_000006685___111,Negative,0.0006,0.3813
4.5765758,4.874556,GCF_000006685___112,Negative,0.0046,0.9017
4.6373053,4.72173,GCF_000006685___113,Negative,0.0007,0.9959
8.287005,-1.0851233,GCF_000006685___114,Negative,0.0063,0.0
7.467867,-0.017653063,GCF_000006685___115,Negative,0.1081,0.0026
-1.7473756,5.415357,GCF_000006685___116,Negative,0.0,0.0011
0.47665545,5.5976186,GCF_000006685___117,Negative,0.0001,0.0993
2.986724,5.7114897,GCF_000006685___118,Negative,0.0013,0.4278
4.211359,0.7887842,GCF_000006685___119,Negative,0.0002,0.9989
1.2040187,6.000852,GCF_000006685___120,Negative,0.0005,0.896
-1.874195,5.2610636,GCF_000006685___121,Negative,0.0,0.0363
-1.454884,5.394934,GCF_000006685___122,Negative,0.0,0.0037
-0.8436066,5.62379,GCF_000006685___123,Negative,0.0,0.0874
-1.4550757,6.332095,GCF_000006685___124,Negative,0.0001,0.0214
4.4829273,4.5552435,GCF_000006685___125,Negative,0.0048,0.3489
4.0871572,5.335344,GCF_000006685___126,Negative,0.0006,0.3813
4.567359,4.8381953,GCF_000006685___127,Negative,0.0046,0.9017
4.6957264,4.7052655,GCF_000006685___128,Negative,0.0007,0.9959
-3.4350483,5.741619,GCF_000006685___129,Negative,0.0,0.001
-2.082736,6.8742585,GCF_000006685___130,Negative,0.0,0.0004
-2.747699,4.1644745,GCF_000006685___131,Negative,0.0,0.0003
2.8238995,4.9377575,GCF_000006685___132,Negative,0.006,0.1782
0.6106567,6.2512717,GCF_000006685___133,Negative,0.0005,0.1959
1.6688254,6.6153936,GCF_000006685___134,Negative,0.0,0.9917
-0.5879023,6.9070888,GCF_000006685___135,Negative,0.0,0.0686
7.9587426,-0.87874454,GCF_000006685___136,Negative,0.0539,0.0003
-2.6311035,5.8666716,GCF_000006685___137,Negative,0.0,0.0041
4.951567,0.020409252,GCF_000006685___138,Negative,0.0004,0.0365
8.21081,-0.5712242,GCF_000006685___139,Negative,0.0078,0.0001
-0.15547524,5.1644955,GCF_000006685___140,Negative,0.0001,0.0506
-0.4320374,6.9232736,GCF_000006685___141,Negative,0.0,0.087
-0.3879277,6.9571066,GCF_000006685___142,Negative,0.0,0.0959
1.1287605,6.1977973,GCF_000006685___143,Negative,0.0028,0.2753
-0.6185673,5.208141,GCF_000006685___144,Negative,0.0001,0.0225
-0.21970858,5.785007,GCF_000006685___145,Negative,0.0001,0.0191
-1.3266443,5.231566,GCF_000006685___146,Negative,0.0,0.0586
3.8530707,5.9559636,GCF_000006685___147,Negative,0.0002,0.9997
-2.181722,4.49935,GCF_000006685___148,Negative,0.0,0.0045
-2.7507982,6.5098643,GCF_000006685___149,Negative,0.0,0.0035
-1.534811,4.3659062,GCF_000006685___150,Negative,0.0003,0.1321
-1.2742013,7.1370606,GCF_000006685___151,Negative,0.0,0.0018
-1.9410034,6.0508966,GCF_000006685___152,Negative,0.0,0.0079
0.5680884,5.965486,GCF_000006685___153,Negative,0.0,0.3718
-1.4486316,6.9390583,GCF_000006685___154,Negative,0.0,0.0053
-0.63816154,6.965041,GCF_000006685___155,Negative,0.0,0.0469
-1.2993731,6.2078037,GCF_000006685___156,Negative,0.0,0.0139
-1.5907753,5.168068,GCF_000006685___157,Negative,0.0,0.1188
3.1540053,6.320817,GCF_000006685___158,Negative,0.0,0.9988
4.269071,-0.045303285,GCF_000006685___159,Negative,0.0005,0.0903
-2.3946657,5.9560657,GCF_000006685___160,Negative,0.0,0.0037
-2.7522817,5.3591614,GCF_000006685___161,Negative,0.0,0.1269
4.046656,0.6517954,GCF_000006685___162,Negative,0.0019,0.9829
0.15543674,5.624432,GCF_000006685___163,Negative,0.0001,0.048
-3.3654988,4.6134877,GCF_000006685___164,Negative,0.0,0.0
-2.8880465,4.1432443,GCF_000006685___165,Negative,0.0,0.0004
-2.850671,4.589758,GCF_000006685___166,Negative,0.0,0.0009
7.614656,-0.2873569,GCF_000006685___167,Negative,0.3522,0.0058
2.359281,5.127624,GCF_000006685___168,Negative,0.0015,0.1853
-0.25497183,4.905428,GCF_000006685___169,Negative,0.0001,0.1371
-1.8304596,5.485637,GCF_000006685___170,Negative,0.0,0.0331
-0.14917359,5.994609,GCF_000006685___171,Negative,0.0,0.1909
4.4367557,0.54533786,GCF_000006685___172,Negative,0.0257,0.7472
4.1467843,0.33316436,GCF_000006685___173,Negative,0.0007,0.8862
-0.34810272,6.457465,GCF_000006685___174,Negative,0.0001,0.151
7.836287,-0.3224308,GCF_000006685___175,Negative,0.0485,0.0003
-0.258371,6.978514,GCF_000006685___176,Negative,0.0005,0.3035
-1.2612907,6.147534,GCF_000006685___177,Negative,0.0,0.0058
-0.61990315,6.47091,GCF_000006685___178,Negative,0.0,0.0121
2.234425,5.2566257,GCF_000006685___179,Negative,0.0001,0.1531
-3.3764205,4.447883,GCF_000006685___180,Negative,0.0,0.0001
-0.24072514,6.467705,GCF_000006685___181,Negative,0.0,0.0046
-0.7457077,5.850546,GCF_000006685___182,Negative,0.0,0.0155
3.428574,6.106947,GCF_000006685___183,Negative,0.0003,0.0621
7.637011,-0.62380713,GCF_000006685___184,Negative,0.0074,0.0003
3.6761072,0.2705373,GCF_000006685___185,Negative,0.0002,0.9503
-1.1939484,6.8983817,GCF_000006685___186,Negative,0.0,0.0376
-1.6817515,5.176499,GCF_000006685___187,Negative,0.0,0.0309
2.3368487,6.3351974,GCF_000006685___188,Negative,0.0003,0.2501
-3.6171994,4.5505695,GCF_000006685___189,Negative,0.0,0.0002
-0.24708976,6.452182,GCF_000006685___190,Negative,0.0,0.0326
3.2052774,0.35401833,GCF_000006685___191,Negative,0.0,0.8204
7.2871227,6.004747,GCF_000006685___192,Inc-protein,1.0,0.0
2.4322348,4.9675264,GCF_000006685___193,Negative,0.1967,0.0898
7.2459807,0.7561281,GCF_000006685___194,Inc-protein,0.8476,0.001
-2.4783783,6.603406,GCF_000006685___195,Negative,0.0,0.0075
-2.3118086,6.4735246,GCF_000006685___196,Negative,0.0,0.0029
8.168657,-1.1100724,GCF_000006685___197,Negative,0.0022,0.0001
8.252916,-1.0636842,GCF_000006685___198,Negative,0.0022,0.0001
8.299572,-0.0007452886,GCF_000006685___199,Negative,0.0564,0.0001
0.24476756,5.708517,GCF_000006685___200,Negative,0.0038,0.081
-3.441059,5.676641,GCF_000006685___201,Negative,0.0,0.0002
-3.5472171,6.150064,GCF_000006685___202,Negative,0.0,0.0003
4.009282,-0.29460803,GCF_000006685___203,Negative,0.0001,0.0385
-0.59253556,6.9095697,GCF_000006685___204,Negative,0.0,0.1065
6.8817034,0.65356743,GCF_000006685___205,Inc-protein,0.8566,0.0009
7.5941687,0.2316894,GCF_000006685___206,Negative,0.2153,0.0003
-3.4498997,5.665899,GCF_000006685___207,Negative,0.0,0.0079
-3.1462126,5.371226,GCF_000006685___208,Negative,0.0,0.0036
-3.4259288,5.5715575,GCF_000006685___209,Negative,0.0,0.0013
-1.7032111,5.8662114,GCF_000006685___210,Negative,0.0,0.0068
-1.7156013,5.9314694,GCF_000006685___211,Negative,0.0,0.0037
1.2447857,5.9467263,GCF_000006685___212,Negative,0.0001,0.4155
-3.119573,4.1820536,GCF_000006685___213,Negative,0.0,0.0038
-3.408538,4.539076,GCF_000006685___214,Negative,0.0,0.0
-3.0297394,4.549353,GCF_000006685___215,Negative,0.0,0.0008
-1.1243609,5.0204988,GCF_000006685___216,Negative,0.0,0.0243
3.567389,5.2688665,GCF_000006685___217,Negative,0.0,0.9999
7.338979,0.17390141,GCF_000006685___218,Negative,0.1513,0.0019
7.340203,0.2551094,GCF_000006685___219,Negative,0.1287,0.0102
0.9240742,5.413098,GCF_000006685___220,Negative,0.0002,0.6252
7.8988137,-1.2122656,GCF_000006685___221,Negative,0.0036,0.0089
-2.9664874,5.308899,GCF_000006685___222,Negative,0.0,0.002
-1.2521297,4.427056,GCF_000006685___223,Negative,0.0001,0.1186
-2.0223212,4.603132,GCF_000006685___224,Negative,0.0,0.0104
2.8641734,5.9373136,GCF_000006685___225,Negative,0.0104,0.6351
7.2899866,0.53780156,GCF_000006685___226,Negative,0.6581,0.0032
4.8211474,6.780635,GCF_000006685___227,Negative,0.0003,0.9913
3.6826706,0.56292796,GCF_000006685___228,Negative,0.0098,0.7258
4.1016645,6.4814515,GCF_000006685___229,Negative,0.0002,0.9877
3.1570897,6.674137,GCF_000006685___230,Negative,0.0001,0.0161
6.9755607,0.9341018,GCF_000006685___231,Inc-protein,0.998,0.0016
-3.2226496,4.999481,GCF_000006685___232,Negative,0.0,0.0066
7.887206,-0.67948145,GCF_000006685___233,Negative,0.0075,0.0001
7.7432103,-0.49765843,GCF_000006685___234,Negative,0.0262,0.0002
7.7198253,0.2250951,GCF_000006685___235,Negative,0.0536,0.0021
-2.6294029,5.6241217,GCF_000006685___236,Negative,0.0001,0.0097
8.060139,-0.84432757,GCF_000006685___237,Negative,0.0064,0.0001
8.364623,-1.1914475,GCF_000006685___238,Negative,0.0001,0.0
3.549903,0.3341041,GCF_000006685___239,Negative,0.0005,0.8283
-2.9577787,4.753933,GCF_000006685___240,Negative,0.0,0.0087
5.9311094,6.5519614,GCF_000006685___241,Negative,0.3367,0.6633
5.829703,6.574809,GCF_000006685___242,Negative,0.1012,0.8988
-0.09201569,7.087032,GCF_000006685___243,Negative,0.0,0.0623
4.556997,6.3146405,GCF_000006685___244,Negative,0.0,1.0
4.0116787,0.30057314,GCF_000006685___245,Negative,0.0004,0.5225
-2.050329,5.2685313,GCF_000006685___246,Negative,0.0001,0.0649
3.1285174,6.052733,GCF_000006685___247,Negative,0.0013,0.9883
-1.1235912,5.1894956,GCF_000006685___248,Negative,0.0,0.0257
5.4079638,6.5887914,GCF_000006685___249,Negative,0.1466,0.8527
4.273185,5.5042777,GCF_000006685___250,Negative,0.569,0.4288
5.897995,6.47391,GCF_000006685___251,Negative,0.6931,0.3069
3.2188509,0.4351948,GCF_000006685___252,Negative,0.0001,0.9392
3.1533391,0.4451068,GCF_000006685___253,Negative,0.0,0.9748
3.213025,0.32297218,GCF_000006685___254,Negative,0.0001,0.5074
3.237402,0.38138953,GCF_000006685___255,Negative,0.0007,0.7838
4.7726874,6.6258845,GCF_000006685___256,Negative,0.1576,0.7684
3.3009748,0.5200707,GCF_000006685___257,Negative,0.0002,0.985
5.524367,7.108854,GCF_000006685___258,Negative,0.0002,0.9995
7.7994003,-0.7096555,GCF_000006685___259,Negative,0.0259,0.0001
1.5682375,5.772779,GCF_000006685___260,Negative,0.0002,0.0233
-2.3568652,5.617512,GCF_000006685___261,Negative,0.0001,0.0077
-2.6396506,5.750561,GCF_000006685___262,Negative,0.0,0.0107
7.1849546,6.0669174,GCF_000006685___263,Inc-protein,0.9999,0.0001
6.980491,6.473814,GCF_000006685___264,Inc-protein,0.9996,0.0004
4.2103643,-0.012037983,GCF_000006685___265,Negative,0.0011,0.0067
0.94305515,5.9164433,GCF_000006685___266,Negative,0.0001,0.4572
7.4942665,-0.30846027,GCF_000006685___267,Negative,0.4948,0.0001
1.0196778,5.279044,GCF_000006685___268,Negative,0.0074,0.4488
4.942352,-0.025343908,GCF_000006685___269,Negative,0.0004,0.1416
7.594031,0.07234364,GCF_000006685___270,Negative,0.254,0.0002
8.195176,-1.0262719,GCF_000006685___271,Negative,0.0026,0.0001
8.091619,-0.77454704,GCF_000006685___272,Negative,0.0137,0.0001
-0.49436635,7.019487,GCF_000006685___273,Negative,0.0,0.1247
2.9781468,5.8111057,GCF_000006685___274,Negative,0.0,0.9921
4.1816382,0.42203358,GCF_000006685___275,Negative,0.0004,0.934
4.641359,4.81444,GCF_000006685___276,Negative,0.0703,0.8794
-3.3076215,5.343563,GCF_000006685___277,Negative,0.0,0.007
7.5257225,-0.21561253,GCF_000006685___278,Negative,0.2279,0.0655
4.8508315,0.7000128,GCF_000006685___279,Negative,0.0017,0.9973
-2.5126808,3.9570358,GCF_000006685___280,Negative,0.0001,0.0043
-3.4332333,4.9170346,GCF_000006685___281,Negative,0.0,0.0029
-0.12336135,5.832264,GCF_000006685___282,Negative,0.0,0.1163
-0.032501366,6.1620646,GCF_000006685___283,Negative,0.0011,0.0287
-1.8900994,4.425598,GCF_000006685___284,Negative,0.0,0.0062
-1.7665082,4.6248255,GCF_000006685___285,Negative,0.0,0.0291
-2.5400348,3.8159773,GCF_000006685___286,Negative,0.0,0.0016
-2.1186523,5.238343,GCF_000006685___287,Negative,0.0,0.0277
1.5388074,5.857252,GCF_000006685___288,Negative,0.0002,0.0535
3.6210392,4.822797,GCF_000006685___289,Negative,0.0004,0.6848
-2.5821493,4.938695,GCF_000006685___290,Negative,0.0001,0.0211
-0.7916724,4.8497515,GCF_000006685___291,Negative,0.0001,0.0908
7.873955,-0.3532842,GCF_000006685___292,Negative,0.0216,0.0008
-0.91095215,7.168512,GCF_000006685___293,Negative,0.0,0.0718
7.377378,6.3307943,GCF_000006685___294,Inc-protein,1.0,0.0
7.4262958,-0.19947897,GCF_000006685___295,Negative,0.0804,0.0055
-3.878679,5.604738,GCF_000006685___296,Negative,0.0,0.0003
-3.3902295,5.281549,GCF_000006685___297,Negative,0.0,0.0011
4.0161104,-0.18765678,GCF_000006685___298,Negative,0.0001,0.0614
-0.7415388,6.2416863,GCF_000006685___299,Negative,0.0001,0.2373
2.775513,6.5431533,GCF_000006685___300,Negative,0.0001,0.0804
2.2851253,6.1834087,GCF_000006685___301,Negative,0.0,0.1377
-2.8678849,5.1849065,GCF_000006685___302,Negative,0.0,0.0078
3.2584903,6.7221384,GCF_000006685___303,Negative,0.0,0.1811
1.4395652,6.125278,GCF_000006685___304,Negative,0.0016,0.9411
-2.374862,6.348691,GCF_000006685___305,Negative,0.0,0.0005
4.632378,8.172658,GCF_000006685___306,Negative,0.0,0.1226
4.601448,8.168478,GCF_000006685___307,Negative,0.0,0.765
4.6037736,8.191535,GCF_000006685___308,Negative,0.0001,0.0984
0.6409648,6.285725,GCF_000006685___309,Negative,0.0001,0.4269
3.6228497,5.4571366,GCF_000006685___310,Negative,0.0005,0.9931
-3.2116053,5.6408525,GCF_000006685___311,Negative,0.0,0.0114
-2.697286,6.338754,GCF_000006685___312,Negative,0.0,0.0047
0.15728572,6.685431,GCF_000006685___313,Negative,0.0,0.2122
-3.5880911,5.625526,GCF_000006685___314,Negative,0.0,0.0017
7.3227525,6.1216674,GCF_000006685___315,Inc-protein,1.0,0.0
-4.0742545,5.1481543,GCF_000006685___316,Negative,0.0,0.0001
7.6262054,0.23194762,GCF_000006685___317,Negative,0.5433,0.0109
-0.15687916,6.184298,GCF_000006685___318,Negative,0.0001,0.1221
-1.6866618,5.9996285,GCF_000006685___319,Negative,0.0,0.0026
-3.486719,6.2210608,GCF_000006685___320,Negative,0.0,0.0045
-3.587111,5.133386,GCF_000006685___321,Negative,0.0,0.0012
8.360554,-0.7552405,GCF_000006685___322,Negative,0.0026,0.0001
3.5721166,5.367186,GCF_000006685___323,Negative,0.0016,0.9383
3.7098753,0.12364932,GCF_000006685___324,Negative,0.0029,0.6497
-2.9608605,5.395582,GCF_000006685___325,Negative,0.0,0.0003
8.041098,0.24992837,GCF_000006685___326,Negative,0.0771,0.008
8.074984,0.17893213,GCF_000006685___327,Negative,0.0142,0.0015
-1.873715,5.8713937,GCF_000006685___328,Negative,0.0,0.0192
8.348909,-0.19176094,GCF_000006685___329,Negative,0.0238,0.0005
3.7124789,0.5265369,GCF_000006685___330,Negative,0.0012,0.9647
-0.15758522,5.7679286,GCF_000006685___331,Negative,0.0001,0.0932
-0.53498924,5.4215693,GCF_000006685___332,Negative,0.0,0.0646
-3.0917273,4.3511496,GCF_000006685___333,Negative,0.0003,0.0015
4.1115866,-0.0008066726,GCF_000006685___334,Negative,0.0038,0.4781
-2.8936825,6.482692,GCF_000006685___335,Negative,0.0,0.0033
4.5961018,4.5948753,GCF_000006685___336,Negative,0.0843,0.811
4.2270722,4.3609467,GCF_000006685___337,Negative,0.0001,0.3537
4.3616724,4.1772275,GCF_000006685___338,Negative,0.0025,0.0013
5.4544377,7.1112585,GCF_000006685___339,Negative,0.0,0.9639
4.8686705,6.9408574,GCF_000006685___340,Negative,0.0003,0.984
4.6084056,0.56345814,GCF_000006685___341,Negative,0.003,0.9863
-1.0560205,5.558535,GCF_000006685___342,Negative,0.0,0.0322
-3.5976932,4.5650883,GCF_000006685___343,Negative,0.0,0.0002
-2.1474385,6.57212,GCF_000006685___344,Negative,0.0,0.0443
2.6749442,6.5564804,GCF_000006685___345,Negative,0.0001,0.1513
5.511075,7.1276755,GCF_000006685___346,Negative,0.0,0.9999
8.24034,-0.9975951,GCF_000006685___347,Negative,0.0031,0.0
7.7508197,0.3276674,GCF_000006685___348,Negative,0.6145,0.0011
-3.2349288,4.9153643,GCF_000006685___349,Negative,0.0,0.01
1.5523665,6.6192846,GCF_000006685___350,Negative,0.0002,0.8499
-2.2909887,6.1162357,GCF_000006685___351,Negative,0.0,0.0005
-1.9704907,4.8195815,GCF_000006685___352,Negative,0.0,0.0009
2.3319569,5.2296257,GCF_000006685___353,Negative,0.0002,0.4806
-1.6244512,4.351176,GCF_000006685___354,Negative,0.0001,0.1296
-2.4933722,3.8621104,GCF_000006685___355,Negative,0.0,0.0494
-3.7694688,5.474722,GCF_000006685___356,Negative,0.0,0.0003
-2.1237123,5.7453218,GCF_000006685___357,Negative,0.0,0.005
7.1825094,0.74849004,GCF_000006685___358,Inc-protein,0.9921,0.0004
7.489074,-0.078220636,GCF_000006685___359,Negative,0.0041,0.0001
0.58163923,5.938992,GCF_000006685___360,Negative,0.0,0.0145
-3.7917402,5.8033214,GCF_000006685___361,Negative,0.0,0.0016
5.3460855,6.629074,GCF_000006685___362,Negative,0.0017,0.9983
1.0515529,6.3054943,GCF_000006685___363,Negative,0.0001,0.2676
-0.7111822,4.9479623,GCF_000006685___364,Negative,0.0007,0.1579
-3.1951828,6.072795,GCF_000006685___365,Negative,0.0,0.0002
2.5885403,6.106979,GCF_000006685___366,Negative,0.0259,0.5508
-3.7464745,4.9090066,GCF_000006685___367,Negative,0.0,0.0008
-2.570906,3.8463404,GCF_000006685___368,Negative,0.0,0.0069
0.5186809,6.6693625,GCF_000006685___369,Negative,0.0002,0.8274
-3.4750042,5.2167478,GCF_000006685___370,Negative,0.0,0.0058
4.150798,0.5906484,GCF_000006685___371,Negative,0.0005,0.9881
7.6145644,6.1793485,GCF_000006685___372,Inc-protein,1.0,0.0
7.3399687,5.9660406,GCF_000006685___373,Inc-protein,0.9999,0.0001
7.5789056,5.7917895,GCF_000006685___374,Inc-protein,0.9977,0.0003
7.3333607,6.170516,GCF_000006685___375,Inc-protein,1.0,0.0
7.389299,6.4234548,GCF_000006685___376,Inc-protein,0.9997,0.0003
4.405817,4.3181334,GCF_000006685___377,Negative,0.0002,0.4851
-2.2178051,5.983209,GCF_000006685___378,Negative,0.0,0.0015
-2.4902737,3.9910388,GCF_000006685___379,Negative,0.0001,0.0217
-3.4751709,4.930924,GCF_000006685___380,Negative,0.0,0.0017
-3.773136,5.4104996,GCF_000006685___381,Negative,0.0,0.0005
-3.0371518,4.4066133,GCF_000006685___382,Negative,0.0,0.0002
-2.7798128,4.710548,GCF_000006685___383,Negative,0.0,0.0017
-0.048158143,6.6960983,GCF_000006685___384,Negative,0.0001,0.6126
-3.6257708,5.689424,GCF_000006685___385,Negative,0.0,0.0029
7.8867583,-0.57843846,GCF_000006685___386,Negative,0.0164,0.0001
0.72196984,6.4168243,GCF_000006685___387,Negative,0.0008,0.0435
2.7282102,6.106062,GCF_000006685___388,Negative,0.0047,0.9464
7.479299,0.34928983,GCF_000006685___389,Negative,0.6205,0.0029
0.869213,6.250407,GCF_000006685___390,Negative,0.0001,0.4098
7.5277405,5.714034,GCF_000006685___391,Inc-protein,0.8666,0.0166
6.8044972,6.726169,GCF_000006685___392,Inc-protein,0.9988,0.0012
2.1673434,6.120319,GCF_000006685___393,Negative,0.0005,0.6579
0.23786154,5.9953737,GCF_000006685___394,Negative,0.0,0.082
-1.7192615,6.6898766,GCF_000006685___395,Negative,0.0,0.0411
3.896342,0.10289517,GCF_000006685___396,Negative,0.0027,0.4952
8.385416,-1.0027727,GCF_000006685___397,Negative,0.0006,0.0
3.5368507,4.8962164,GCF_000006685___398,Negative,0.0001,0.4092
4.623976,8.200481,GCF_000006685___399,Negative,0.0,0.1285
4.6088014,8.170988,GCF_000006685___400,Negative,0.0,0.1923
4.59813,8.173279,GCF_000006685___401,Negative,0.0,0.3514
-2.5647764,3.7671816,GCF_000006685___402,Negative,0.0,0.511
-1.6297557,4.92405,GCF_000006685___403,Negative,0.0,0.0446
6.806634,6.6040854,GCF_000006685___404,Inc-protein,0.9989,0.0011
2.4901197,5.212306,GCF_000006685___405,Negative,0.0001,0.9694
3.8138735,0.4620282,GCF_000006685___406,Negative,0.0068,0.7196
-2.6987126,4.1111135,GCF_000006685___407,Negative,0.0,0.0005
8.6163025,-0.4028643,GCF_000006685___408,Negative,0.0009,0.0001
-0.15917985,6.8063874,GCF_000006685___409,Negative,0.0001,0.1161
5.1677556,6.566509,GCF_000006685___410,Negative,0.0013,0.9985
4.2734766,6.3570495,GCF_000006685___411,Negative,0.0,0.9978
4.543772,6.3955913,GCF_000006685___412,Negative,0.0,0.9999
4.531392,6.3844295,GCF_000006685___413,Negative,0.0001,0.9999
4.4239306,4.072621,GCF_000006685___414,Negative,0.0,0.0029
4.7301674,6.513535,GCF_000006685___415,Negative,0.0001,0.9997
2.920923,6.1657662,GCF_000006685___416,Negative,0.0003,0.986
5.4135876,6.7452035,GCF_000006685___417,Negative,0.0164,0.9835
4.491678,6.0006375,GCF_000006685___418,Negative,0.0052,0.9942
5.307471,6.578058,GCF_000006685___419,Negative,0.0016,0.9984
4.6956134,6.466249,GCF_000006685___420,Negative,0.0,0.9996
0.5472093,6.176837,GCF_000006685___421,Negative,0.0003,0.8359
-3.5020292,5.4531336,GCF_000006685___422,Negative,0.0,0.0058
-3.6329288,6.0339932,GCF_000006685___423,Negative,0.0,0.0001
4.3056297,4.1165185,GCF_000006685___424,Negative,0.0001,0.001
7.5203805,5.4798827,GCF_000006685___425,Inc-protein,0.8488,0.0048
7.6070695,5.6673994,GCF_000006685___426,Inc-protein,0.9391,0.0049
4.1676126,0.19620182,GCF_000006685___427,Negative,0.0019,0.824
5.4234304,7.1028085,GCF_000006685___428,Negative,0.0,0.9976
8.442824,-1.2162907,GCF_000006685___429,Negative,0.0005,0.0
4.867569,0.021194361,GCF_000006685___430,Negative,0.0037,0.315
7.2206645,0.7782783,GCF_000006685___431,Inc-protein,0.8987,0.0037
7.127089,0.83486056,GCF_000006685___432,Inc-protein,0.9998,0.0002
-0.043552577,5.5456905,GCF_000006685___433,Negative,0.0001,0.0239
4.186822,0.26000926,GCF_000006685___434,Negative,0.0002,0.8986
-3.007826,5.486449,GCF_000006685___435,Negative,0.0,0.0026
-3.3851755,5.850658,GCF_000006685___436,Negative,0.0,0.0013
-2.1034997,6.46815,GCF_000006685___437,Negative,0.0,0.0006
-2.095512,5.419521,GCF_000006685___438,Negative,0.0,0.0273
-1.26909,6.0084767,GCF_000006685___439,Negative,0.0,0.0236
0.19963537,5.7772355,GCF_000006685___440,Negative,0.0001,0.1414
0.33688673,5.3056564,GCF_000006685___441,Negative,0.0004,0.0747
-3.6716275,4.787864,GCF_000006685___442,Negative,0.0,0.0009
-3.7151647,5.139952,GCF_000006685___443,Negative,0.0,0.0044
1.2313516,5.7284226,GCF_000006685___444,Negative,0.0001,0.5567
7.3238177,6.329887,GCF_000006685___445,Inc-protein,1.0,0.0
7.7434797,6.2390313,GCF_000006685___446,Inc-protein,0.9964,0.0
-3.4747767,5.5762773,GCF_000006685___447,Negative,0.0,0.002
7.987577,0.2712064,GCF_000006685___448,Negative,0.3434,0.0004
3.9708078,4.6399364,GCF_000006685___449,Negative,0.0,0.0006
7.707287,6.2052507,GCF_000006685___450,Inc-protein,0.9997,0.0
7.6401215,6.105506,GCF_000006685___451,Inc-protein,0.9995,0.0003
-3.1297069,6.013608,GCF_000006685___452,Negative,0.0,0.0002
4.079536,0.19833934,GCF_000006685___453,Negative,0.0011,0.8341
8.296572,-0.3400872,GCF_000006685___454,Negative,0.0055,0.0
7.9891505,0.14570422,GCF_000006685___455,Negative,0.0854,0.0005
-0.1637144,5.2675023,GCF_000006685___456,Negative,0.0,0.0292
-0.19413309,5.4738913,GCF_000006685___457,Negative,0.0001,0.045
2.6447225,5.961641,GCF_000006685___458,Negative,0.001,0.9487
8.37748,-1.176301,GCF_000006685___459,Negative,0.0012,0.0
2.4264836,6.4721155,GCF_000006685___460,Negative,0.0001,0.7534
1.120587,5.3349743,GCF_000006685___461,Negative,0.0009,0.5365
2.5196211,6.6207275,GCF_000006685___462,Negative,0.0,0.5581
-0.17550018,4.873934,GCF_000006685___463,Negative,0.0003,0.1733
-3.2465968,5.4255147,GCF_000006685___464,Negative,0.0,0.01
-1.3963466,6.218797,GCF_000006685___465,Negative,0.0,0.0061
0.24205281,5.0997005,GCF_000006685___466,Negative,0.0012,0.1846
-2.2494,4.388108,GCF_000006685___467,Negative,0.0001,0.0049
-1.5418872,5.89636,GCF_000006685___468,Negative,0.0,0.0019
7.2595315,6.136675,GCF_000006685___469,Inc-protein,1.0,0.0
-3.5996575,6.105134,GCF_000006685___470,Negative,0.0,0.0007
8.148029,-0.6398536,GCF_000006685___471,Negative,0.021,0.0003
1.0309616,5.712271,GCF_000006685___472,Negative,0.0001,0.2512
-0.01868614,4.977146,GCF_000006685___473,Negative,0.0,0.3656
4.401786,4.19987,GCF_000006685___474,Negative,0.0013,0.0143
-0.89836055,6.105895,GCF_000006685___475,Negative,0.0,0.0423
7.491133,-0.34157547,GCF_000006685___476,Negative,0.2931,0.0012
-1.1817682,5.5527554,GCF_000006685___477,Negative,0.0,0.0035
8.0356045,-0.5664805,GCF_000006685___478,Negative,0.0064,0.0001
6.9577107,6.619769,GCF_000006685___479,Inc-protein,1.0,0.0
7.105002,6.4584904,GCF_000006685___480,Inc-protein,0.9999,0.0001
7.5836377,6.227333,GCF_000006685___481,Inc-protein,0.9999,0.0
7.2238894,6.136684,GCF_000006685___482,Inc-protein,1.0,0.0
6.88793,6.614289,GCF_000006685___483,Inc-protein,0.9998,0.0002
6.867866,6.688215,GCF_000006685___484,Inc-protein,0.9999,0.0001
8.012802,0.23322536,GCF_000006685___485,Negative,0.1037,0.0005
8.352231,-0.9205977,GCF_000006685___486,Negative,0.004,0.0
7.3560314,6.5261397,GCF_000006685___487,Inc-protein,0.9999,0.0001
7.432749,6.44774,GCF_000006685___488,Inc-protein,0.9997,0.0002
7.1436925,0.53362334,GCF_000006685___489,Inc-protein,0.8479,0.0023
2.3467147,5.3163114,GCF_000006685___490,Negative,0.0009,0.6893
-1.2989173,4.4539914,GCF_000006685___491,Negative,0.0,0.0297
-4.019509,5.083959,GCF_000006685___492,Negative,0.0,0.0009
-2.722131,6.039922,GCF_000006685___493,Negative,0.0,0.0031
-2.8458366,6.0791674,GCF_000006685___494,Negative,0.0,0.0027
-0.9955285,5.3827424,GCF_000006685___495,Negative,0.0004,0.0652
4.2350125,-0.034710016,GCF_000006685___496,Negative,0.0031,0.2001
4.0070086,-0.04849314,GCF_000006685___497,Negative,0.0003,0.2181
-0.3736424,7.219428,GCF_000006685___498,Negative,0.0001,0.0877
3.5594263,5.308558,GCF_000006685___499,Negative,0.0018,0.9978
-2.6660266,5.6978483,GCF_000006685___500,Negative,0.0001,0.0066
-3.4085374,4.679769,GCF_000006685___501,Negative,0.0,0.0002
-1.7902533,6.369094,GCF_000006685___502,Negative,0.0,0.0171
-3.2588007,5.8915076,GCF_000006685___503,Negative,0.0,0.0056
7.5114293,5.9636097,GCF_000006685___504,Inc-protein,1.0,0.0
1.2986315,5.7567153,GCF_000006685___505,Negative,0.0002,0.7736
8.340842,-0.61559665,GCF_000006685___506,Negative,0.002,0.0009
7.5902424,-0.24906732,GCF_000006685___507,Negative,0.0561,0.001
4.0561776,0.31775638,GCF_000006685___508,Negative,0.0004,0.8018
6.9653945,0.69503903,GCF_000006685___509,Inc-protein,0.8485,0.0171
0.16545549,5.1680775,GCF_000006685___510,Negative,0.0009,0.1662
7.8017497,0.3177947,GCF_000006685___511,Negative,0.2309,0.0002
7.8858614,0.29645857,GCF_000006685___512,Negative,0.1699,0.0004
-1.9670746,6.472402,GCF_000006685___513,Negative,0.0,0.0037
-2.7911687,3.771898,GCF_000006685___514,Negative,0.0,0.0078
2.9230049,6.437705,GCF_000006685___515,Negative,0.0002,0.7058
0.25195,5.4929996,GCF_000006685___516,Negative,0.0001,0.0459
-0.37443098,6.3963842,GCF_000006685___517,Negative,0.0001,0.145
1.1202288,6.3569775,GCF_000006685___518,Negative,0.0004,0.3355
7.851259,0.12595145,GCF_000006685___519,Negative,0.1259,0.0024
-3.0570273,5.523928,GCF_000006685___520,Negative,0.0,0.0333
3.1256254,6.2049847,GCF_000006685___521,Negative,0.0,0.9879
-1.5995529,4.336931,GCF_000006685___522,Negative,0.0,0.0095
4.2770796,-0.22563891,GCF_000006685___523,Negative,0.0005,0.0753
-2.3805227,6.7527313,GCF_000006685___524,Negative,0.0,0.002
4.877117,-0.044513322,GCF_000006685___525,Negative,0.0001,0.0038
7.5005665,0.2724759,GCF_000006685___526,Negative,0.1363,0.0079
-0.26957044,5.0083585,GCF_000006685___527,Negative,0.0,0.0804
3.737317,5.234879,GCF_000006685___528,Negative,0.0001,0.9958
1.5420691,5.6707497,GCF_000006685___529,Negative,0.0001,0.0319
0.89352125,5.542964,GCF_000006685___530,Negative,0.0003,0.4393
2.8865912,6.710577,GCF_000006685___531,Negative,0.0,0.1176
1.970912,5.2457037,GCF_000006685___532,Negative,0.0,0.9269
8.357219,-1.1136407,GCF_000006685___533,Negative,0.0013,0.0001
8.64294,-0.3628408,GCF_000006685___534,Negative,0.0,0.0
8.439192,-1.2294929,GCF_000006685___535,Negative,0.0002,0.0
8.410304,-1.1284807,GCF_000006685___536,Negative,0.0002,0.0
-0.33306718,6.611874,GCF_000006685___537,Negative,0.0,0.045
5.0845356,0.25494725,GCF_000006685___538,Negative,0.0234,0.6412
3.7066543,0.36065456,GCF_000006685___539,Negative,0.0011,0.9143
1.0200914,5.737558,GCF_000006685___540,Negative,0.0,0.5618
-3.3289475,4.9801164,GCF_000006685___541,Negative,0.0,0.0268
-2.3879232,5.058112,GCF_000006685___542,Negative,0.0,0.0248
7.289421,6.4843717,GCF_000006685___543,Inc-protein,0.9999,0.0001
4.061775,0.72060806,GCF_000006685___544,Negative,0.233,0.7608
-1.5093725,4.4076962,GCF_000006685___545,Negative,0.0,0.1585
1.250636,6.4571714,GCF_000006685___546,Negative,0.0002,0.277
-3.62836,5.773102,GCF_000006685___547,Negative,0.0,0.0003
-3.1780365,5.51421,GCF_000006685___548,Negative,0.0,0.0048
-0.36205637,7.342617,GCF_000006685___549,Negative,0.0002,0.0931
-0.32111245,7.1739945,GCF_000006685___550,Negative,0.0,0.2488
3.9898708,4.6363177,GCF_000006685___551,Negative,0.001,0.1459
-1.404083,4.492155,GCF_000006685___552,Negative,0.0,0.0394
-1.1858988,5.526574,GCF_000006685___553,Negative,0.0,0.0303
-0.20555626,5.80421,GCF_000006685___554,Negative,0.0,0.0395
7.358827,5.974316,GCF_000006685___555,Inc-protein,0.9978,0.0021
7.6784506,6.370258,GCF_000006685___556,Inc-protein,0.9922,0.0004
2.4747252,5.497123,GCF_000006685___557,Negative,0.0,0.9503
-3.0770013,5.191184,GCF_000006685___558,Negative,0.0,0.0141
3.2737243,6.608239,GCF_000006685___559,Negative,0.0,0.1888
8.413183,-0.58083963,GCF_000006685___560,Negative,0.0014,0.0
8.07839,-0.9556159,GCF_000006685___561,Negative,0.0407,0.0009
0.32986706,4.9915166,GCF_000006685___562,Negative,0.0099,0.2026
-0.32885176,7.0383296,GCF_000006685___563,Negative,0.0,0.0639
-0.43881932,7.072747,GCF_000006685___564,Negative,0.0,0.0729
3.6641114,4.814274,GCF_000006685___565,Negative,0.0,0.922
1.6823015,6.6446514,GCF_000006685___566,Negative,0.0005,0.6234
4.0644093,0.4807372,GCF_000006685___567,Negative,0.0003,0.9713
2.5720773,6.5284243,GCF_000006685___568,Negative,0.0002,0.7096
-2.9306471,5.48731,GCF_000006685___569,Negative,0.0001,0.0266
-3.785177,4.824523,GCF_000006685___570,Negative,0.0,0.0018
-3.8555443,4.775162,GCF_000006685___571,Negative,0.0,0.0021
1.3363944,5.2760534,GCF_000006685___572,Negative,0.0001,0.0263
1.2983708,5.28016,GCF_000006685___573,Negative,0.0002,0.0994
-3.27766,4.7145863,GCF_000006685___574,Negative,0.0,0.0
-3.1904867,5.170769,GCF_000006685___575,Negative,0.0,0.0
-1.9691044,4.092509,GCF_000006685___576,Negative,0.0,0.0154
7.8507214,-0.62826335,GCF_000006685___577,Negative,0.0428,0.0003
-3.9455338,4.987422,GCF_000006685___578,Negative,0.0,0.0006
-2.556555,3.8388398,GCF_000006685___579,Negative,0.0,0.0024
7.2469277,6.069607,GCF_000006685___580,Inc-protein,0.9955,0.0045
1.3525842,6.1963897,GCF_000006685___581,Negative,0.0003,0.1926
5.5386806,6.510012,GCF_000006685___582,Negative,0.2517,0.7475
-0.027291885,6.7632136,GCF_000006685___583,Negative,0.0,0.625
-1.0754683,6.6625447,GCF_000006685___584,Negative,0.0,0.0071
-3.272193,6.2360506,GCF_000006685___585,Negative,0.0,0.0004
-1.9415606,5.326988,GCF_000006685___586,Negative,0.0,0.0093
-0.45349073,6.729399,GCF_000006685___587,Negative,0.0,0.001
2.4669812,6.648941,GCF_000006685___588,Negative,0.0002,0.6786
-0.6250739,5.808025,GCF_000006685___589,Negative,0.0001,0.0855
-2.613097,5.2888136,GCF_000006685___590,Negative,0.0,0.0041
-1.9274788,5.317918,GCF_000006685___591,Negative,0.0,0.0418
0.04564267,5.0456605,GCF_000006685___592,Negative,0.0001,0.2438
2.8987675,6.7533545,GCF_000006685___593,Negative,0.0003,0.0346
1.7449663,5.5422277,GCF_000006685___594,Negative,0.0003,0.7465
-1.8868861,6.7689943,GCF_000006685___595,Negative,0.0,0.0006
3.9827635,4.554104,GCF_000006685___596,Negative,0.0001,0.1093
4.105633,4.532424,GCF_000006685___597,Negative,0.002,0.0348
6.6231613,0.6408299,GCF_000006685___598,Negative,0.728,0.1624
-3.1748352,5.841943,GCF_000006685___599,Negative,0.0,0.0016
-2.69686,3.7836423,GCF_000006685___600,Negative,0.0003,0.0098
-1.215993,4.526812,GCF_000006685___601,Negative,0.0003,0.0017
-1.1069659,6.7300863,GCF_000006685___602,Negative,0.0,0.0001
4.4287148,4.2379346,GCF_000006685___603,Negative,0.0035,0.024
-3.6160057,5.2678833,GCF_000006685___604,Negative,0.0,0.0004
7.5982504,6.0850425,GCF_000006685___605,Inc-protein,0.9994,0.0005
-0.82892245,6.452924,GCF_000006685___606,Negative,0.0001,0.0049
-1.9811027,5.3373456,GCF_000006685___607,Negative,0.0,0.2453
-2.6049964,5.522486,GCF_000006685___608,Negative,0.0,0.0018
-0.4962031,6.820014,GCF_000006685___609,Negative,0.0,0.0534
4.238543,0.8272551,GCF_000006685___610,Negative,0.0004,0.9994
2.385374,4.7311645,GCF_000006685___611,Negative,0.0203,0.4793
8.0238695,-0.7264183,GCF_000006685___612,Negative,0.0142,0.0
-0.32858682,7.1113763,GCF_000006685___613,Negative,0.0,0.0667
-0.66197765,5.499033,GCF_000006685___614,Negative,0.0,0.031
4.322942,0.06958359,GCF_000006685___615,Negative,0.0014,0.7192
-1.0706627,4.725772,GCF_000006685___616,Negative,0.0001,0.5872
7.291306,6.263203,GCF_000006685___617,Inc-protein,1.0,0.0
7.022148,6.5944858,GCF_000006685___618,Inc-protein,1.0,0.0
7.7004323,-0.6076199,GCF_000006685___619,Negative,0.0215,0.0007
4.31852,0.7517187,GCF_000006685___620,Negative,0.0248,0.9628
-2.0038426,6.739406,GCF_000006685___621,Negative,0.0,0.0059
-0.5961723,6.5386496,GCF_000006685___622,Negative,0.0,0.0677
-1.3693248,6.8984404,GCF_000006685___623,Negative,0.0,0.0193
-2.0113485,5.9660645,GCF_000006685___624,Negative,0.0,0.0018
6.885167,6.6531506,GCF_000006685___625,Inc-protein,0.9996,0.0004
0.05702986,6.2329154,GCF_000006685___626,Negative,0.0004,0.0865
1.2723778,6.0277095,GCF_000006685___627,Negative,0.0003,0.6576
-2.0991101,6.088971,GCF_000006685___628,Negative,0.0,0.0164
-0.26458725,5.708597,GCF_000006685___629,Negative,0.0,0.011
1.2223394,6.4581842,GCF_000006685___630,Negative,0.0,0.4482
3.5923786,0.2566049,GCF_000006685___631,Negative,0.0002,0.614
4.2220592,-0.11321275,GCF_000006685___632,Negative,0.0015,0.0271
3.9371245,4.479732,GCF_000006685___633,Negative,0.0,0.007
8.145528,-0.8048444,GCF_000006685___634,Negative,0.009,0.0001
-1.5213163,6.8738203,GCF_000006685___635,Negative,0.0,0.0208
-1.8384676,6.540478,GCF_000006685___636,Negative,0.0,0.0013
4.305004,4.107308,GCF_000006685___637,Negative,0.0001,0.0002
-2.0728362,6.7873616,GCF_000006685___638,Negative,0.0,0.0049
0.13707025,5.8872275,GCF_000006685___639,Negative,0.0002,0.2732
-0.7518846,6.6338854,GCF_000006685___640,Negative,0.0,0.0137
4.3314295,-0.16556205,GCF_000006685___641,Negative,0.0008,0.4101
-2.5448294,5.9110527,GCF_000006685___642,Negative,0.0,0.0069
7.5188727,6.3859534,GCF_000006685___643,Inc-protein,0.9999,0.0
3.1601803,6.311965,GCF_000006685___644,Negative,0.0,0.9986
-1.8564736,4.222504,GCF_000006685___645,Negative,0.0,0.0051
-0.3621918,5.052024,GCF_000006685___646,Negative,0.0001,0.122
3.2187243,6.147723,GCF_000006685___647,Negative,0.0001,0.6824
-1.492389,5.098453,GCF_000006685___648,Negative,0.0,0.0061
4.3165174,-0.08618925,GCF_000006685___649,Negative,0.003,0.0203
-1.0706557,6.2957325,GCF_000006685___650,Negative,0.0,0.0192
4.2933426,0.5676528,GCF_000006685___651,Negative,0.0046,0.8882
5.461438,6.936192,GCF_000006685___652,Negative,0.0035,0.9958
-1.7835788,4.784358,GCF_000006685___653,Negative,0.0,0.0203
1.0679648,5.8938036,GCF_000006685___654,Negative,0.0,0.7948
1.7217933,5.3304806,GCF_000006685___655,Negative,0.0013,0.1407
-3.9929457,5.0566897,GCF_000006685___656,Negative,0.0,0.0001
-0.8663147,4.5087767,GCF_000006685___657,Negative,0.0001,0.4948
1.9463091,5.2396793,GCF_000006685___658,Negative,0.0041,0.6566
4.3592496,5.010427,GCF_000006685___659,Negative,0.0061,0.8243
-1.364238,6.2207456,GCF_000006685___660,Negative,0.0,0.0718
-0.32898557,6.246418,GCF_000006685___661,Negative,0.0,0.1094
8.309817,0.01856389,GCF_000006685___662,Negative,0.0197,0.0001
0.26646563,5.7155843,GCF_000006685___663,Negative,0.0038,0.0235
-1.2623986,5.434712,GCF_000006685___664,Negative,0.0,0.0256
-0.6036461,6.146365,GCF_000006685___665,Negative,0.0,0.0571
-3.41689,5.267018,GCF_000006685___666,Negative,0.0,0.001
-1.7913812,4.854466,GCF_000006685___667,Negative,0.0001,0.0462
-1.9872524,4.1389203,GCF_000006685___668,Negative,0.0,0.0005
8.034431,-0.3204819,GCF_000006685___669,Negative,0.0152,0.0004
8.232066,0.06593773,GCF_000006685___670,Negative,0.07,0.0009
-0.06692103,5.1172867,GCF_000006685___671,Negative,0.0001,0.3549
7.5090656,-0.32487202,GCF_000006685___672,Negative,0.0979,0.0003
3.2524316,0.37097698,GCF_000006685___673,Negative,0.0,0.8008
3.21025,0.4941339,GCF_000006685___674,Negative,0.0,0.9986
3.172673,0.4495912,GCF_000006685___675,Negative,0.0,0.9857
4.0673943,-0.17788057,GCF_000006685___676,Negative,0.001,0.1574
0.019079782,6.158631,GCF_000006685___677,Negative,0.0,0.0065
8.013332,0.16006662,GCF_000006685___678,Negative,0.021,0.0014
-3.6326976,5.0392776,GCF_000006685___679,Negative,0.0,0.0042
-3.718892,4.654777,GCF_000006685___680,Negative,0.0,0.0
-2.777292,4.1168256,GCF_000006685___681,Negative,0.0,0.0038
8.181129,-0.0071266363,GCF_000006685___682,Negative,0.0193,0.0
3.9953222,4.5115085,GCF_000006685___683,Negative,0.0,0.0011
3.912015,4.5582633,GCF_000006685___684,Negative,0.0,0.0073
1.6886443,6.330629,GCF_000006685___685,Negative,0.0001,0.6751
6.7980876,0.6453354,GCF_000006685___686,Inc-protein,0.9066,0.0023
-0.7695158,5.207514,GCF_000006685___687,Negative,0.0,0.0048
0.31748524,6.6610146,GCF_000006685___688,Negative,0.0,0.9616
-1.2802879,5.2317796,GCF_000006685___689,Negative,0.0,0.437
-0.36843368,6.248554,GCF_000006685___690,Negative,0.0004,0.069
0.3342047,5.859399,GCF_000006685___691,Negative,0.0002,0.1188
4.0820374,5.9623957,GCF_000006685___692,Negative,0.0,0.9997
-1.7100627,6.678717,GCF_000006685___693,Negative,0.0,0.0052
-3.9312057,5.427379,GCF_000006685___694,Negative,0.0,0.0008
-1.0341275,6.0092177,GCF_000006685___695,Negative,0.0001,0.1237
-0.009217568,4.942165,GCF_000006685___696,Negative,0.0004,0.3488
-1.328654,6.4242682,GCF_000006685___697,Negative,0.0,0.0014
-0.8786775,6.2630754,GCF_000006685___698,Negative,0.0,0.1017
-2.906061,4.2229013,GCF_000006685___699,Negative,0.0,0.0004
-3.8079553,5.073042,GCF_000006685___700,Negative,0.0,0.0009
-3.1054997,4.5108194,GCF_000006685___701,Negative,0.0,0.0003
-3.0192208,4.3320107,GCF_000006685___702,Negative,0.0,0.0009
7.5779777,6.322987,GCF_000006685___703,Inc-protein,0.9997,0.0
3.7485046,0.15865475,GCF_000006685___704,Negative,0.0005,0.5395
6.931753,6.6089387,GCF_000006685___705,Inc-protein,0.9999,0.0001
3.5767612,0.32553798,GCF_000006685___706,Negative,0.0006,0.859
3.9111114,0.08994272,GCF_000006685___707,Negative,0.0002,0.0832
4.713819,0.0031822335,GCF_000006685___708,Negative,0.0002,0.0206
-1.7813756,4.4691715,GCF_000006685___709,Negative,0.0,0.1216
2.7521808,5.2766204,GCF_000006685___710,Negative,0.0001,0.5174
-0.83745044,5.0361757,GCF_000006685___711,Negative,0.0,0.1551
8.502645,-0.30606073,GCF_000006685___712,Negative,0.0056,0.0002
7.6950684,6.2615957,GCF_000006685___713,Inc-protein,0.9996,0.0
4.3368506,4.149393,GCF_000006685___714,Negative,0.0005,0.001
-2.2201803,5.044164,GCF_000006685___715,Negative,0.0001,0.0104
7.67609,-0.47750726,GCF_000006685___716,Negative,0.0831,0.0004
-1.2843065,5.626507,GCF_000006685___717,Negative,0.0,0.003
-2.7374983,5.0292063,GCF_000006685___718,Negative,0.0001,0.0018
-1.5373204,5.176647,GCF_000006685___719,Negative,0.0001,0.1431
-3.529787,5.673859,GCF_000006685___720,Negative,0.0,0.001
5.546744,7.1603184,GCF_000006685___721,Negative,0.0002,0.9994
-2.7066255,3.74432,GCF_000006685___722,Negative,0.0001,0.0048
0.7950484,5.3833404,GCF_000006685___723,Negative,0.0001,0.0251
-3.7460885,5.067089,GCF_000006685___724,Negative,0.0,0.0
-0.10539345,6.1538124,GCF_000006685___725,Negative,0.0,0.0294
2.376297,4.9072704,GCF_000006685___726,Negative,0.1579,0.1292
-0.81486493,6.2742624,GCF_000006685___727,Negative,0.0,0.0092
-0.23127852,6.417711,GCF_000006685___728,Negative,0.0,0.0074
0.5770888,5.589883,GCF_000006685___729,Negative,0.0001,0.3803
4.2607055,0.38712022,GCF_000006685___730,Negative,0.0015,0.863
3.1594255,5.3420243,GCF_000006685___731,Negative,0.0008,0.9987
1.6212854,6.346514,GCF_000006685___732,Negative,0.0004,0.753
-0.516664,4.909752,GCF_000006685___733,Negative,0.0003,0.0352
1.132077,5.8136597,GCF_000006685___734,Negative,0.0,0.9803
1.3526484,6.136702,GCF_000006685___735,Negative,0.0001,0.9748
3.645722,0.5036049,GCF_000006685___736,Negative,0.0007,0.9798
4.5623236,4.623884,GCF_000006685___737,Negative,0.0002,0.9905
7.5637636,0.5159675,GCF_000006685___738,Negative,0.7505,0.0022
-2.964174,4.8766437,GCF_000006685___739,Negative,0.0,0.002
5.1675625,0.15027241,GCF_000006685___740,Negative,0.0095,0.0896
0.7760023,6.0901413,GCF_000006685___741,Negative,0.0,0.082
3.3612008,0.4094997,GCF_000006685___742,Negative,0.0001,0.9714
2.7565498,6.0829453,GCF_000006685___743,Negative,0.0007,0.9898
8.097984,-0.28388786,GCF_000006685___744,Negative,0.0851,0.0006
8.42893,-0.15467767,GCF_000006685___745,Negative,0.0188,0.0
4.162772,-0.11480888,GCF_000006685___746,Negative,0.0005,0.0804
3.9762526,0.051795907,GCF_000006685___747,Negative,0.0001,0.0517
0.83826554,6.3188243,GCF_000006685___748,Negative,0.0001,0.7408
3.6445732,6.116035,GCF_000006685___749,Negative,0.0011,0.7498
5.206049,0.37335914,GCF_000006685___750,Negative,0.0898,0.3247
7.70671,6.334058,GCF_000006685___751,Inc-protein,0.9957,0.0013
7.259533,0.6864353,GCF_000006685___752,Inc-protein,0.997,0.0
-1.6373477,5.7851553,GCF_000006685___753,Negative,0.0,0.0157
4.387344,-0.178926,GCF_000006685___754,Negative,0.0005,0.116
-0.6747815,5.4230194,GCF_000006685___755,Negative,0.0,0.0159
-0.1169314,7.0663366,GCF_000006685___756,Negative,0.0,0.1918
-3.890496,5.0581837,GCF_000006685___757,Negative,0.0,0.0048
4.232844,4.373344,GCF_000006685___758,Negative,0.0005,0.0233
-3.157076,4.983737,GCF_000006685___759,Negative,0.0,0.0054
0.34142086,5.350384,GCF_000006685___760,Negative,0.0002,0.0833
-2.743198,5.27925,GCF_000006685___761,Negative,0.0,0.0193
8.700306,-0.23305741,GCF_000006685___762,Negative,0.0002,0.0013
8.072832,-0.14830638,GCF_000006685___763,Negative,0.118,0.0026
8.199165,-0.5343297,GCF_000006685___764,Negative,0.0067,0.0
-0.5560942,5.107733,GCF_000006685___765,Negative,0.0001,0.0454
-3.1917996,5.894695,GCF_000006685___766,Negative,0.0,0.0019
-1.5951132,5.885047,GCF_000006685___767,Negative,0.0,0.0067
-3.1715178,5.8040023,GCF_000006685___768,Negative,0.0,0.0003
-0.22623542,6.3544865,GCF_000006685___769,Negative,0.0001,0.0698
-1.7471834,4.7757387,GCF_000006685___770,Negative,0.0,0.0023
2.2915273,5.8083625,GCF_000006685___771,Negative,0.002,0.8936
4.008186,5.9301505,GCF_000006685___772,Negative,0.0,0.9999
-3.5823379,6.104851,GCF_000006685___773,Negative,0.0,0.0001
-2.6760504,4.759357,GCF_000006685___774,Negative,0.0001,0.0062
-2.18725,5.1299143,GCF_000006685___775,Negative,0.0,0.0054
-3.8890383,4.8296976,GCF_000006685___776,Negative,0.0,0.0003
-3.4250855,4.806993,GCF_000006685___777,Negative,0.0,0.0001
8.293651,-1.0810906,GCF_000006685___778,Negative,0.004,0.0
-3.388761,5.1350064,GCF_000006685___779,Negative,0.0,0.0004
-3.367348,4.939126,GCF_000006685___780,Negative,0.0,0.0001
-2.8620574,4.8229537,GCF_000006685___781,Negative,0.0,0.0015
-3.4620335,4.3377976,GCF_000006685___782,Negative,0.0,0.0008
-2.4711845,5.962515,GCF_000006685___783,Negative,0.0,0.0006
-2.9611988,4.4372263,GCF_000006685___784,Negative,0.0,0.0004
-2.488748,3.9261975,GCF_000006685___785,Negative,0.0,0.1054
-3.085815,4.2417364,GCF_000006685___786,Negative,0.0,0.0011
-2.9516034,4.49211,GCF_000006685___787,Negative,0.0,0.0005
0.8353645,5.0397825,GCF_000006685___788,Negative,0.0005,0.1404
-3.2941234,4.417863,GCF_000006685___789,Negative,0.0,0.0001
-3.665664,4.6127405,GCF_000006685___790,Negative,0.0,0.0002
-2.4746332,4.498521,GCF_000006685___791,Negative,0.0,0.0004
-3.2919414,4.4831867,GCF_000006685___792,Negative,0.0,0.0001
-3.358096,4.291384,GCF_000006685___793,Negative,0.0,0.0048
-2.6230497,3.7783742,GCF_000006685___794,Negative,0.0002,0.0075
-2.7603073,5.590207,GCF_000006685___795,Negative,0.0,0.0016
-3.8046825,4.6635084,GCF_000006685___796,Negative,0.0,0.0002
6.6661243,6.8132863,GCF_000006685___797,Inc-protein,0.994,0.0055
-0.6756475,6.811909,GCF_000006685___798,Negative,0.0,0.0165
-0.2830791,7.1906514,GCF_000006685___799,Negative,0.0003,0.1092
-2.2370474,4.9475417,GCF_000006685___800,Negative,0.0,0.0004
-2.1079273,6.277106,GCF_000006685___801,Negative,0.0,0.0013
8.223596,-0.17517392,GCF_000006685___802,Negative,0.0213,0.0011
-2.161137,4.9627733,GCF_000006685___803,Negative,0.0,0.0097
-0.21293983,4.8723483,GCF_000006685___804,Negative,0.0001,0.1183
-0.03940624,5.868093,GCF_000006685___805,Negative,0.0,0.0064
3.3837626,5.0544167,GCF_000006685___806,Negative,0.0,0.9995
-1.1303614,6.865002,GCF_000006685___807,Negative,0.0,0.0057
-3.087397,6.108936,GCF_000006685___808,Negative,0.0,0.0005
4.3033934,-0.2029105,GCF_000006685___809,Negative,0.0002,0.0568
-2.616284,5.7826433,GCF_000006685___810,Negative,0.0,0.0023
-1.9612601,4.888706,GCF_000006685___811,Negative,0.0,0.0068
8.360836,-1.1322014,GCF_000006685___812,Negative,0.0012,0.0
-2.998985,4.969035,GCF_000006685___813,Negative,0.0,0.0175
-2.0240886,5.191769,GCF_000006685___814,Negative,0.0008,0.0774
4.2901344,0.2209044,GCF_000006685___815,Negative,0.0079,0.3039
4.220172,0.0757353,GCF_000006685___816,Negative,0.0018,0.6656
4.2744412,0.24448368,GCF_000006685___817,Negative,0.0006,0.5311
1.4110329,6.2144227,GCF_000006685___818,Negative,0.0001,0.063
3.296488,6.514269,GCF_000006685___819,Negative,0.0004,0.1038
4.5006433,0.78210384,GCF_000006685___820,Negative,0.0057,0.9646
4.7140074,0.646942,GCF_000006685___821,Negative,0.012,0.9817
-0.26999763,4.9097543,GCF_000006685___822,Negative,0.0001,0.3067
8.485695,-0.15510519,GCF_000006685___823,Negative,0.0043,0.0002
-0.52335495,6.916603,GCF_000006685___824,Negative,0.0001,0.4771
7.1610866,0.91877556,GCF_000006685___825,Inc-protein,0.9948,0.0003
4.4389586,4.4152203,GCF_000006685___826,Negative,0.0001,0.5208
-1.1952472,6.7312665,GCF_000006685___827,Negative,0.0,0.0293
-2.463568,5.050584,GCF_000006685___828,Negative,0.0,0.0073
7.4263024,-0.22679465,GCF_000006685___829,Negative,0.1449,0.0156
3.241138,5.321046,GCF_000006685___830,Negative,0.0001,0.9832
1.4590122,6.5345855,GCF_000006685___831,Negative,0.0001,0.1756
8.513761,-0.47436428,GCF_000006685___832,Negative,0.0016,0.0004
8.384175,-0.66939574,GCF_000006685___833,Negative,0.0008,0.0
8.433241,-0.8044823,GCF_000006685___834,Negative,0.0002,0.0
7.4354057,5.876897,GCF_000006685___835,Inc-protein,0.9988,0.001
4.4835935,0.66979945,GCF_000006685___836,Negative,0.0076,0.7714
6.4326262,0.6986217,GCF_000006685___837,Negative,0.0599,0.5509
6.3439183,0.7757395,GCF_000006685___838,Negative,0.0778,0.539
7.041392,-0.31745315,GCF_000006685___839,Negative,0.0006,0.0025
7.7845626,0.29988244,GCF_000006685___840,Negative,0.3553,0.0008
-3.156396,5.022335,GCF_000006685___841,Negative,0.0,0.0019
4.1225,0.107960574,GCF_000006685___842,Negative,0.002,0.3574
4.154001,0.4610748,GCF_000006685___843,Negative,0.0008,0.962
-0.105624184,6.3613825,GCF_000006685___844,Negative,0.0,0.0464
-0.5498086,6.7200556,GCF_000006685___845,Negative,0.0,0.1701
2.6407864,6.0368686,GCF_000006685___846,Negative,0.0002,0.4282
3.688129,5.6519833,GCF_000006685___847,Negative,0.0001,0.9884
5.6205297,7.182818,GCF_000006685___848,Negative,0.0151,0.9816
5.777597,7.176461,GCF_000006685___849,Negative,0.1604,0.8336
8.431751,-0.9627322,GCF_000006685___850,Negative,0.0004,0.0
-2.697516,5.059054,GCF_000006685___851,Negative,0.0,0.013
-1.7240577,5.734784,GCF_000006685___852,Negative,0.0,0.0002
3.0350876,5.234577,GCF_000006685___853,Negative,0.0001,0.9941
3.5313382,5.15181,GCF_000006685___854,Negative,0.0003,0.9965
-1.3518564,4.4951677,GCF_000006685___855,Negative,0.0,0.0413
-1.981514,6.0346513,GCF_000006685___856,Negative,0.0,0.0247
4.116385,4.473257,GCF_000006685___857,Negative,0.0001,0.0109
-3.5515265,5.851077,GCF_000006685___858,Negative,0.0,0.001
6.6671653,0.6115448,GCF_000006685___859,Negative,0.1221,0.1306
6.6220555,0.64125645,GCF_000006685___860,Negative,0.4941,0.0561
3.5565302,5.991569,GCF_000006685___861,Negative,0.0,0.9992
-3.4201245,5.1638737,GCF_000006685___862,Negative,0.0,0.0019
-2.928898,5.241239,GCF_000006685___863,Negative,0.0,0.0352
8.050046,-0.7255799,GCF_000006685___864,Negative,0.0243,0.0016
-1.3623438,4.8286104,GCF_000006685___865,Negative,0.0,0.0096
8.518501,-0.7915207,GCF_000006685___866,Negative,0.0027,0.0002
7.6426406,0.20084324,GCF_000006685___867,Negative,0.6699,0.0025
8.038552,-0.23146297,GCF_000006685___868,Negative,0.0009,0.0002
5.653269,0.56348425,GCF_000006685___869,Negative,0.0966,0.1129
3.642706,0.32392713,GCF_000006685___870,Negative,0.0004,0.9579
3.9858909,-0.17914699,GCF_000006685___871,Negative,0.0002,0.0768
4.5512195,0.3007485,GCF_000006685___872,Negative,0.0037,0.7558
3.294815,6.036113,GCF_000006685___873,Negative,0.0008,0.5674
-1.0841391,6.8879466,GCF_000006685___874,Negative,0.0,0.0369
1.6706756,6.694495,GCF_000006685___875,Negative,0.0001,0.7914
4.111615,-0.24512792,GCF_000006685___876,Negative,0.0,0.0114
-1.7931529,4.4564657,GCF_000006685___877,Negative,0.0,0.1107
3.4505107,6.259058,GCF_000006685___878,Negative,0.0033,0.7279
-2.3676195,5.521231,GCF_000006685___879,Negative,0.0,0.0092
-2.1558669,5.6508512,GCF_000006685___880,Negative,0.0,0.0154
1.2813146,6.2994876,GCF_000006685___881,Negative,0.0005,0.3804
0.44624424,6.819401,GCF_000006685___882,Negative,0.0001,0.9614
-0.6552085,6.359416,GCF_000006685___883,Negative,0.0,0.0123
-1.7018397,5.6592627,GCF_000006685___884,Negative,0.0,0.0246
-0.74669415,6.209799,GCF_000006685___885,Negative,0.0,0.053
1.0584962,5.562804,GCF_000006685___886,Negative,0.0002,0.1804
-1.8490014,4.2256403,GCF_000006685___887,Negative,0.0001,0.1555
7.2280397,0.76825154,GCF_000006685___888,Inc-protein,0.9914,0.0004
1.3849107,5.2796817,GCF_000006685___889,Negative,0.0005,0.1169
6.149054,7.0220504,GCF_000006685___890,Inc-protein,0.977,0.0105
5.46993,7.260571,GCF_000006685___891,Negative,0.0002,0.9098
5.40196,7.246921,GCF_000006685___892,Negative,0.0001,0.9982
5.4378138,7.235208,GCF_000006685___893,Negative,0.0,0.9996
5.5618153,7.1876965,GCF_000006685___894,Negative,0.0,0.9971
4.314042,-0.28050652,GCF_000006685___895,Negative,0.0006,0.0146
7.4490523,0.32291165,GCF_000006685___896,Negative,0.3128,0.0027
-0.83486843,5.3233695,GCF_000006685___897,Negative,0.0,0.0167
-2.0338418,4.8095055,GCF_000006685___898,Negative,0.0,0.0184
-0.98171306,5.366115,GCF_000006685___899,Negative,0.0,0.0867
0.4391087,5.406588,GCF_000006685___900,Negative,0.0004,0.611
-0.39545915,7.2582054,GCF_000006685___901,Negative,0.0,0.0702
1.4531327,5.6365266,GCF_000006685___902,Negative,0.0007,0.2604
3.2696922,6.0487056,GCF_000006685___903,Negative,0.0012,0.4887
3.5254967,5.139029,GCF_000006685___904,Negative,0.0001,0.9896
0.43731824,5.1435404,GCF_000006685___905,Negative,0.0005,0.3122
0.16909263,5.0943775,GCF_000006685___906,Negative,0.0003,0.206
0.12326658,5.2580075,GCF_000006685___907,Negative,0.0003,0.1174
3.5726416,4.9719305,GCF_000006685___908,Negative,0.0003,0.6232
4.614723,8.181719,GCF_000006685___909,Negative,0.0,0.2127
3.6388748,4.9373446,GCF_000006685___910,Negative,0.0006,0.9901
-1.0762898,5.6171303,GCF_000006685___911,Negative,0.0,0.0225
3.0276613,5.21399,GCF_000006685___912,Negative,0.0001,0.9902
