name,pred_class,score,inc.prob,nega.prob,sec.prob,length
GCF_002895085___0,Negative,0.9997,0.0,0.9997,0.0003,331
GCF_002895085___1,Negative,0.9271,0.0,0.9271,0.0729,472
GCF_002895085___2,Negative,0.9942,0.0017,0.0041,0.9942,144
GCF_002895085___3,Negative,0.9457,0.0004,0.0538,0.9457,717
GCF_002895085___4,Negative,0.9778,0.0,0.9778,0.0222,397
GCF_002895085___5,Negative,0.9579,0.0017,0.9579,0.0404,354
GCF_002895085___6,Negative,0.5326,0.0,0.5326,0.4674,1045
GCF_002895085___7,Negative,0.9944,0.0,0.0056,0.9944,1022
GCF_002895085___8,Negative,0.9214,0.078,0.9214,0.0006,518
GCF_002895085___9,Negative,0.9197,0.0,0.9197,0.0803,326
GCF_002895085___10,Negative,0.968,0.0,0.968,0.0319,209
GCF_002895085___11,Negative,0.9781,0.0,0.9781,0.0219,289
GCF_002895085___12,Negative,0.7626,0.2356,0.7626,0.0018,547
GCF_002895085___13,Negative,0.9848,0.0004,0.9848,0.0148,428
GCF_002895085___14,Negative,0.9992,0.0002,0.0005,0.9992,639
GCF_002895085___15,Negative,0.9985,0.0012,0.0003,0.9985,866
GCF_002895085___16,Negative,0.9992,0.0,0.0008,0.9992,885
GCF_002895085___17,Negative,0.7329,0.0269,0.7329,0.2403,58
GCF_002895085___18,Negative,0.9949,0.0,0.9949,0.0051,240
GCF_002895085___19,Negative,0.9813,0.0015,0.0173,0.9813,161
GCF_002895085___20,Negative,0.9997,0.0,0.9997,0.0003,269
GCF_002895085___21,Negative,0.9996,0.0,0.9996,0.0004,78
GCF_002895085___22,Negative,0.8597,1e-04,0.8597,0.1402,325
GCF_002895085___23,Negative,0.8407,0.0006,0.8407,0.1586,102
GCF_002895085___24,Negative,0.829,1e-04,0.171,0.829,97
GCF_002895085___25,Negative,0.9904,0.0,0.9904,0.0096,479
GCF_002895085___26,Negative,0.9894,0.0,0.9894,0.0106,602
GCF_002895085___27,Negative,0.7414,0.0,0.7414,0.2586,338
GCF_002895085___28,Negative,0.8513,0.0,0.8513,0.1487,134
GCF_002895085___29,Negative,0.4078,0.0088,0.4078,0.5834,793
GCF_002895085___30,Negative,0.4994,0.0006,0.4994,0.4999,86
GCF_002895085___31,Negative,0.9264,0.0038,0.9264,0.0699,84
GCF_002895085___32,Negative,0.8943,0.0002,0.8943,0.1055,149
GCF_002895085___33,Negative,0.9766,0.0146,0.0088,0.9766,222
GCF_002895085___34,Negative,0.9902,0.0,0.9902,0.0098,442
GCF_002895085___35,Negative,0.8652,0.0025,0.8652,0.1323,172
GCF_002895085___36,Negative,0.9893,1e-04,0.0106,0.9893,281
GCF_002895085___37,Negative,0.6443,0.0007,0.6443,0.3549,371
GCF_002895085___38,Negative,0.8328,1e-04,0.167,0.8328,502
GCF_002895085___39,Negative,0.658,0.0044,0.658,0.3375,908
GCF_002895085___40,Negative,0.9603,1e-04,0.0396,0.9603,358
GCF_002895085___41,Negative,0.7674,0.0,0.7674,0.2326,172
GCF_002895085___42,Negative,0.9748,0.0,0.9748,0.0252,180
GCF_002895085___43,Negative,0.998,0.0,0.998,0.002,246
GCF_002895085___44,Negative,0.8314,1e-04,0.8314,0.1685,282
GCF_002895085___45,Negative,0.9715,0.0,0.9715,0.0284,276
GCF_002895085___46,Negative,0.9078,1e-04,0.9078,0.0921,389
GCF_002895085___47,Negative,0.9801,0.0,0.9801,0.0198,1090
GCF_002895085___48,Negative,0.3995,0.0007,0.3995,0.5998,335
GCF_002895085___49,Negative,0.987,0.0,0.987,0.013,484
GCF_002895085___50,Negative,0.9956,0.0,0.9956,0.0044,255
GCF_002895085___51,Negative,0.9032,0.0,0.0967,0.9032,412
GCF_002895085___52,Negative,0.9988,0.0,0.9988,0.0012,406
GCF_002895085___53,Negative,0.3736,1e-04,0.3736,0.6263,262
GCF_002895085___54,Negative,0.9909,1e-04,0.009,0.9909,52
GCF_002895085___55,Negative,0.446,0.3513,0.446,0.2028,217
GCF_002895085___56,Negative,0.6911,0.0,0.6911,0.3088,279
GCF_002895085___57,Negative,0.9798,1e-04,0.9798,0.02,322
GCF_002895085___58,Negative,0.9984,0.0,0.9984,0.0016,320
GCF_002895085___59,Negative,0.9997,0.0,0.9997,0.0003,224
GCF_002895085___60,Negative,0.998,0.002,0.998,1e-04,426
GCF_002895085___61,Negative,0.995,0.0,0.995,0.005,403
GCF_002895085___62,Negative,0.9987,0.001,0.0002,0.9987,501
GCF_002895085___63,Negative,0.9792,0.0204,0.0004,0.9792,390
GCF_002895085___64,Negative,0.9934,0.0007,0.0059,0.9934,384
GCF_002895085___65,Negative,0.8007,0.0015,0.1979,0.8007,116
GCF_002895085___66,Negative,0.7939,1e-04,0.7939,0.2059,277
GCF_002895085___67,Negative,0.9104,0.0065,0.0832,0.9104,120
GCF_002895085___68,Negative,0.283,0.0076,0.283,0.7093,433
GCF_002895085___69,Negative,0.5206,0.0007,0.5206,0.4787,112
GCF_002895085___70,Negative,0.9867,1e-04,0.9867,0.0132,141
GCF_002895085___71,Negative,0.4948,0.0013,0.4948,0.5038,199
GCF_002895085___72,Negative,0.2774,0.001,0.2774,0.7216,318
GCF_002895085___73,Negative,0.6995,0.0481,0.6995,0.2524,294
GCF_002895085___74,Negative,0.9885,0.0,0.9885,0.0115,1242
GCF_002895085___75,Negative,0.9986,0.0014,0.9986,0.0,455
GCF_002895085___76,Negative,0.7874,0.0026,0.7874,0.21,66
GCF_002895085___77,Negative,0.9844,0.0,0.9844,0.0156,430
GCF_002895085___78,Negative,0.9987,0.0,0.9987,0.0013,584
GCF_002895085___79,Negative,0.9765,0.0,0.9765,0.0235,255
GCF_002895085___80,Negative,0.9993,0.0,0.9993,0.0007,156
GCF_002895085___81,Negative,0.9942,0.0,0.9942,0.0058,102
GCF_002895085___82,Negative,0.9933,0.0025,0.9933,0.0042,66
GCF_002895085___83,Negative,0.8477,0.0044,0.148,0.8477,51
GCF_002895085___84,Negative,0.9935,0.0,0.0064,0.9935,238
GCF_002895085___85,Negative,0.9372,0.0,0.9372,0.0628,153
GCF_002895085___86,Negative,0.9159,0.0,0.9159,0.0841,249
GCF_002895085___87,Negative,0.9978,0.0,0.9978,0.0022,156
GCF_002895085___88,Negative,0.9778,0.0199,0.9778,0.0022,541
GCF_002895085___89,Negative,0.9958,0.0,0.9958,0.0042,280
GCF_002895085___90,Negative,0.9967,0.0,0.9967,0.0033,154
GCF_002895085___91,Negative,0.917,1e-04,0.917,0.0829,279
GCF_002895085___92,Negative,0.9907,0.0,0.9907,0.0093,321
GCF_002895085___93,Inc-protein,0.9969,0.9969,0.0003,0.0028,324
GCF_002895085___94,Negative,0.9992,0.0,0.9992,0.0008,221
GCF_002895085___95,Negative,0.9988,0.0,0.9988,0.0012,224
GCF_002895085___96,Negative,0.9821,0.0002,0.9821,0.0177,111
GCF_002895085___97,Negative,0.9986,0.0,0.9986,0.0014,284
GCF_002895085___98,Negative,0.9999,0.0,0.9999,1e-04,88
GCF_002895085___99,Negative,0.9994,0.0,0.9994,0.0006,111
GCF_002895085___100,Negative,0.9993,0.0,0.9993,0.0007,223
GCF_002895085___101,Negative,0.9999,0.0,0.9999,1e-04,138
GCF_002895085___102,Negative,0.9618,0.0003,0.9618,0.0378,72
GCF_002895085___103,Negative,0.9941,0.0,0.9941,0.0059,83
GCF_002895085___104,Negative,0.9984,0.0,0.9984,0.0015,122
GCF_002895085___105,Negative,0.8386,0.0,0.8386,0.1614,113
GCF_002895085___106,Negative,0.9998,0.0,0.9998,0.0002,180
GCF_002895085___107,Negative,0.9997,0.0,0.9997,0.0003,133
GCF_002895085___108,Negative,0.9993,0.0,0.9993,0.0007,183
GCF_002895085___109,Negative,0.9986,0.0,0.9986,0.0013,123
GCF_002895085___110,Negative,0.9999,0.0,0.9999,1e-04,165
GCF_002895085___111,Negative,0.9997,0.0,0.9997,0.0003,144
GCF_002895085___112,Negative,0.9949,0.0051,0.9949,0.0,457
GCF_002895085___113,Negative,0.9998,0.0,0.9998,0.0002,122
GCF_002895085___114,Negative,0.9997,0.0,0.9997,0.0003,132
GCF_002895085___115,Negative,0.9928,0.0,0.9928,0.0072,376
GCF_002895085___116,Negative,0.9904,1e-04,0.9904,0.0095,142
GCF_002895085___117,Negative,0.9995,0.0,0.9995,0.0005,335
GCF_002895085___118,Negative,0.9997,1e-04,0.0002,0.9997,273
GCF_002895085___119,Negative,0.9912,1e-04,0.0087,0.9912,266
GCF_002895085___120,Negative,0.998,0.0,0.998,0.002,168
GCF_002895085___121,Negative,0.9381,0.0,0.9381,0.0619,207
GCF_002895085___122,Negative,0.9993,0.0,0.9993,0.0007,141
GCF_002895085___123,Negative,0.9934,0.0,0.9934,0.0066,233
GCF_002895085___124,Negative,0.9966,0.0,0.9966,0.0034,611
GCF_002895085___125,Negative,0.9888,0.0,0.9888,0.0111,472
GCF_002895085___126,Negative,0.9895,0.0105,0.9895,0.0,168
GCF_002895085___127,Negative,0.951,0.0476,0.951,0.0014,549
GCF_002895085___128,Negative,0.9986,1e-04,0.9986,0.0013,333
GCF_002895085___129,Negative,0.9869,0.0,0.9869,0.0131,869
GCF_002895085___130,Negative,0.9715,1e-04,0.9715,0.0284,202
GCF_002895085___131,Negative,0.9954,0.0,0.9954,0.0046,464
GCF_002895085___132,Negative,0.9545,0.0007,0.9545,0.0447,86
GCF_002895085___133,Negative,0.8226,1e-04,0.8226,0.1773,206
GCF_002895085___134,Negative,0.9706,0.0,0.9706,0.0294,442
GCF_002895085___135,Negative,0.583,1e-04,0.583,0.417,247
GCF_002895085___136,Negative,0.9663,0.0,0.9663,0.0336,187
GCF_002895085___137,Negative,0.5309,0.0006,0.5309,0.4685,250
GCF_002895085___138,Negative,0.9748,1e-04,0.9748,0.025,318
GCF_002895085___139,Inc-protein,0.9976,0.9976,0.0024,0.0,335
GCF_002895085___140,Inc-protein,0.8448,0.8448,0.152,0.0032,107
GCF_002895085___141,Negative,0.9367,1e-04,0.9367,0.0631,54
GCF_002895085___142,Negative,0.6939,0.0005,0.6939,0.3057,60
GCF_002895085___143,Negative,0.9938,1e-04,0.9938,0.0061,54
GCF_002895085___144,Negative,0.961,0.0,0.961,0.039,705
GCF_002895085___145,Negative,0.9735,0.0263,0.9735,0.0002,489
GCF_002895085___146,Negative,0.9208,0.0777,0.9208,0.0014,577
GCF_002895085___147,Negative,0.6304,0.0,0.6304,0.3696,175
GCF_002895085___148,Negative,0.9556,1e-04,0.0443,0.9556,323
GCF_002895085___149,Negative,0.9579,0.0,0.9579,0.0421,794
GCF_002895085___150,Negative,0.6627,0.0285,0.6627,0.3088,361
GCF_002895085___151,Inc-protein,0.827,0.827,0.1692,0.0039,264
GCF_002895085___152,Negative,0.6827,0.0004,0.6827,0.3169,150
GCF_002895085___153,Negative,0.9489,1e-04,0.051,0.9489,241
GCF_002895085___154,Negative,0.992,0.0,0.0079,0.992,194
GCF_002895085___155,Negative,0.8608,1e-04,0.1391,0.8608,227
GCF_002895085___156,Negative,0.9236,0.0006,0.9236,0.0758,386
GCF_002895085___157,Inc-protein,1.0,1.0,0.0,0.0,1012
GCF_002895085___158,Negative,0.3466,0.0003,0.3466,0.6531,335
GCF_002895085___159,Negative,0.9834,0.0008,0.0158,0.9834,108
GCF_002895085___160,Negative,0.9988,0.0006,0.0006,0.9988,233
GCF_002895085___161,Negative,0.8391,1e-04,0.8391,0.1608,229
GCF_002895085___162,Negative,0.9991,0.0,0.9991,0.0009,268
GCF_002895085___163,Negative,0.9983,0.0,0.9983,0.0017,212
GCF_002895085___164,Negative,0.8371,0.0834,0.8371,0.0795,324
GCF_002895085___165,Negative,0.9441,0.0,0.9441,0.0559,87
GCF_002895085___166,Negative,0.9478,1e-04,0.9478,0.0522,40
GCF_002895085___167,Negative,0.9998,0.0,0.9998,0.0002,329
GCF_002895085___168,Negative,0.9883,0.0,0.9883,0.0117,170
GCF_002895085___169,Negative,0.3617,0.0009,0.3617,0.6373,105
GCF_002895085___170,Negative,0.9985,0.0,0.9985,0.0015,238
GCF_002895085___171,Negative,0.9993,1e-04,0.0006,0.9993,870
GCF_002895085___172,Negative,0.9995,0.0,0.9995,0.0005,444
GCF_002895085___173,Negative,0.8271,1e-04,0.8271,0.1728,562
GCF_002895085___174,Negative,0.9988,0.0,0.9988,0.0011,215
GCF_002895085___175,Negative,0.9984,0.0,0.9984,0.0016,216
GCF_002895085___176,Negative,0.9002,0.0993,0.9002,0.0005,306
GCF_002895085___177,Negative,0.9983,0.0,0.9983,0.0017,250
GCF_002895085___178,Negative,1.0,0.0,1.0,0.0,41
GCF_002895085___179,Inc-protein,0.9999,0.9999,1e-04,0.0,370
GCF_002895085___180,Negative,0.9974,0.0024,0.9974,1e-04,1404
GCF_002895085___181,Negative,0.9152,1e-04,0.9152,0.0848,590
GCF_002895085___182,Negative,0.3162,0.0755,0.3162,0.6083,382
GCF_002895085___183,Negative,0.263,0.0,0.263,0.7369,180
GCF_002895085___184,Negative,0.8726,0.0,0.8726,0.1273,505
GCF_002895085___185,Negative,0.9964,1e-04,0.9964,0.0035,62
GCF_002895085___186,Negative,0.9638,1e-04,0.9638,0.0361,87
GCF_002895085___187,Negative,0.9017,0.0005,0.0978,0.9017,557
GCF_002895085___188,Inc-protein,0.9999,0.9999,1e-04,0.0,160
GCF_002895085___189,Negative,0.6609,0.0003,0.6609,0.3388,651
GCF_002895085___190,Inc-protein,0.9862,0.9862,0.0137,1e-04,92
GCF_002895085___191,Negative,0.9976,0.0017,0.0007,0.9976,316
GCF_002895085___192,Negative,0.9984,0.0,0.9984,0.0016,123
GCF_002895085___193,Negative,0.9997,0.0,0.9997,0.0003,157
GCF_002895085___194,Negative,0.9987,0.0,0.9987,0.0013,694
GCF_002895085___195,Negative,0.9998,0.0,0.9998,0.0002,105
GCF_002895085___196,Negative,0.7002,0.0,0.7002,0.2997,349
GCF_002895085___197,Negative,0.999,0.0,0.999,0.001,183
GCF_002895085___198,Inc-protein,0.9853,0.9853,0.0094,0.0052,136
GCF_002895085___199,Negative,0.9991,0.0,0.9991,0.0008,106
GCF_002895085___200,Negative,1.0,0.0,1.0,0.0,82
GCF_002895085___201,Negative,0.993,0.0,0.993,0.007,335
GCF_002895085___202,Negative,0.9814,0.0173,0.9814,0.0012,297
GCF_002895085___203,Negative,0.9857,0.0,0.9857,0.0143,239
GCF_002895085___204,Negative,0.5068,0.004,0.5068,0.4892,278
GCF_002895085___205,Negative,0.9878,0.0,0.9878,0.0122,212
GCF_002895085___206,Negative,0.9831,0.0,0.9831,0.0169,262
GCF_002895085___207,Negative,0.9965,0.0,0.0035,0.9965,1788
GCF_002895085___208,Negative,0.9357,1e-04,0.0642,0.9357,933
GCF_002895085___209,Negative,0.7758,0.184,0.7758,0.0402,100
GCF_002895085___210,Negative,0.582,0.4177,0.582,0.0003,117
GCF_002895085___211,Negative,0.9651,0.0344,0.9651,0.0005,449
GCF_002895085___212,Negative,0.973,0.0266,0.973,0.0004,165
GCF_002895085___213,Negative,0.9997,0.0,0.9997,0.0003,124
GCF_002895085___214,Negative,0.9558,1e-04,0.9558,0.0441,152
GCF_002895085___215,Negative,0.9963,0.0,0.9963,0.0037,197
GCF_002895085___216,Negative,0.9647,0.0,0.9647,0.0353,274
GCF_002895085___217,Negative,0.9672,0.0,0.9672,0.0328,265
GCF_002895085___218,Negative,0.96,0.0013,0.96,0.0386,367
GCF_002895085___219,Negative,0.9829,0.017,0.9829,1e-04,416
GCF_002895085___220,Negative,0.9626,0.0,0.9626,0.0374,389
GCF_002895085___221,Negative,0.892,0.0,0.892,0.108,329
GCF_002895085___222,Negative,0.5717,0.0023,0.5717,0.426,254
GCF_002895085___223,Inc-protein,1.0,1.0,0.0,0.0,356
GCF_002895085___224,Negative,0.413,0.5867,0.413,0.0003,75
GCF_002895085___225,Negative,0.7913,1e-04,0.7913,0.2086,231
GCF_002895085___226,Negative,0.6539,1e-04,0.6539,0.3459,497
GCF_002895085___227,Negative,0.9999,0.0,0.9999,1e-04,192
GCF_002895085___228,Negative,0.992,0.0,0.992,0.008,253
GCF_002895085___229,Negative,0.9988,0.0,0.0012,0.9988,330
GCF_002895085___230,Negative,0.9764,1e-04,0.9764,0.0236,230
GCF_002895085___231,Negative,0.9348,0.0002,0.9348,0.065,258
GCF_002895085___232,Negative,0.808,1e-04,0.808,0.1919,370
GCF_002895085___233,Negative,0.7182,0.2814,0.7182,0.0004,72
GCF_002895085___234,Negative,0.3743,0.0,0.3743,0.6257,620
GCF_002895085___235,Negative,0.9896,0.0,0.9896,0.0103,116
GCF_002895085___236,Inc-protein,0.9573,0.9573,0.0404,0.0023,374
GCF_002895085___237,Negative,0.9288,0.0,0.0712,0.9288,158
GCF_002895085___238,Negative,0.9633,1e-04,0.9633,0.0366,53
GCF_002895085___239,Negative,0.8502,1e-04,0.8502,0.1497,53
GCF_002895085___240,Negative,0.9758,0.0241,0.9758,0.0,214
GCF_002895085___241,Negative,0.9824,0.0,0.9824,0.0176,190
GCF_002895085___242,Negative,0.8163,0.0002,0.1835,0.8163,681
GCF_002895085___243,Negative,0.9998,0.0,0.9998,0.0002,659
GCF_002895085___244,Negative,0.9382,0.001,0.9382,0.0608,191
GCF_002895085___245,Negative,0.358,0.0,0.358,0.642,386
GCF_002895085___246,Negative,0.9864,0.0,0.9864,0.0136,577
GCF_002895085___247,Negative,0.9861,0.0128,0.0011,0.9861,398
GCF_002895085___248,Negative,0.9614,0.0028,0.0358,0.9614,314
GCF_002895085___249,Negative,0.9972,0.0,0.9972,0.0028,96
GCF_002895085___250,Negative,0.1992,0.0011,0.1992,0.7997,347
GCF_002895085___251,Negative,0.9763,0.0,0.9763,0.0236,398
GCF_002895085___252,Negative,0.9945,0.0003,0.0053,0.9945,254
GCF_002895085___253,Negative,0.9575,0.0076,0.9575,0.0349,411
GCF_002895085___254,Negative,0.9789,0.0007,0.0204,0.9789,694
GCF_002895085___255,Negative,0.6741,0.0002,0.6741,0.3256,289
GCF_002895085___256,Negative,0.9983,0.0,0.9983,0.0017,110
GCF_002895085___257,Negative,0.9885,0.0002,0.0112,0.9885,538
GCF_002895085___258,Negative,0.9537,0.0455,0.9537,0.0009,444
GCF_002895085___259,Negative,0.7987,0.0051,0.7987,0.1962,66
GCF_002895085___260,Negative,0.998,0.0,0.998,0.002,193
GCF_002895085___261,Negative,0.9999,1e-04,0.0,0.9999,1105
GCF_002895085___262,Negative,0.8458,0.0014,0.8458,0.1528,284
GCF_002895085___263,Inc-protein,0.9995,0.9995,0.0005,0.0,220
GCF_002895085___264,Negative,0.9973,0.0,0.9973,0.0027,273
GCF_002895085___265,Negative,0.5731,0.0002,0.5731,0.4267,462
GCF_002895085___266,Negative,0.9913,0.0,0.9913,0.0087,421
GCF_002895085___267,Negative,0.9755,0.0011,0.0234,0.9755,332
GCF_002895085___268,Negative,0.9854,0.0,0.9854,0.0146,721
GCF_002895085___269,Inc-protein,0.9994,0.9994,1e-04,0.0006,593
GCF_002895085___270,Negative,0.9852,0.0132,0.0016,0.9852,679
GCF_002895085___271,Negative,0.9223,0.0,0.0776,0.9223,988
GCF_002895085___272,Negative,0.3591,0.003,0.3591,0.6378,648
GCF_002895085___273,Negative,0.8349,0.0003,0.1648,0.8349,198
GCF_002895085___274,Negative,0.2631,0.0083,0.2631,0.7287,359
GCF_002895085___275,Negative,0.9898,0.0027,0.9898,0.0074,41
GCF_002895085___276,Negative,0.9029,1e-04,0.097,0.9029,980
GCF_002895085___277,Negative,0.3448,0.0,0.3448,0.6551,1024
GCF_002895085___278,Negative,0.986,0.0021,0.986,0.012,369
GCF_002895085___279,Negative,0.9206,0.0003,0.9206,0.079,177
GCF_002895085___280,Negative,0.9728,0.0003,0.0269,0.9728,266
GCF_002895085___281,Negative,0.9924,0.0005,0.9924,0.0071,367
GCF_002895085___282,Negative,0.9999,0.0,0.9999,1e-04,67
GCF_002895085___283,Negative,0.9878,1e-04,0.9878,0.0121,151
GCF_002895085___284,Negative,0.8631,0.0,0.8631,0.1369,143
GCF_002895085___285,Negative,0.4313,0.0,0.4313,0.5687,840
GCF_002895085___286,Negative,0.6058,1e-04,0.6058,0.3941,849
GCF_002895085___287,Negative,0.9999,0.0,0.9999,1e-04,308
GCF_002895085___288,Negative,0.4072,0.0,0.4072,0.5928,409
GCF_002895085___289,Negative,0.8312,0.0,0.8312,0.1688,847
GCF_002895085___290,Negative,0.7159,0.0,0.7159,0.2841,926
GCF_002895085___291,Negative,0.9002,0.0,0.0998,0.9002,1366
GCF_002895085___292,Negative,0.9909,0.0091,0.9909,0.0,91
GCF_002895085___293,Negative,0.9306,0.0008,0.9306,0.0686,100
GCF_002895085___294,Negative,0.9972,0.0,0.9972,0.0028,491
GCF_002895085___295,Negative,0.9954,0.0,0.9954,0.0046,487
GCF_002895085___296,Inc-protein,0.9999,0.9999,0.0,1e-04,385
GCF_002895085___297,Inc-protein,0.9998,0.9998,0.0,0.0002,187
GCF_002895085___298,Negative,0.9198,0.0037,0.9198,0.0765,316
GCF_002895085___299,Negative,0.9979,0.0,0.9979,0.0021,35
GCF_002895085___300,Negative,0.6582,0.0,0.6582,0.3417,300
GCF_002895085___301,Negative,0.5563,0.4435,0.5563,1e-04,143
GCF_002895085___302,Negative,0.9871,0.0033,0.0095,0.9871,442
GCF_002895085___303,Negative,0.9926,0.0072,0.0002,0.9926,442
GCF_002895085___304,Negative,0.9669,0.0039,0.9669,0.0292,66
GCF_002895085___305,Negative,0.591,0.0031,0.591,0.4059,74
GCF_002895085___306,Negative,0.99,0.0006,0.0094,0.99,288
GCF_002895085___307,Negative,0.568,0.0003,0.568,0.4317,289
GCF_002895085___308,Negative,0.5329,0.0002,0.5329,0.4669,700
GCF_002895085___309,Negative,0.8862,0.0019,0.1119,0.8862,361
GCF_002895085___310,Negative,0.965,0.0,0.965,0.035,278
GCF_002895085___311,Negative,0.9815,0.0,0.9815,0.0185,644
GCF_002895085___312,Negative,0.3636,0.0004,0.3636,0.636,84
GCF_002895085___313,Negative,0.9303,0.0002,0.9303,0.0695,75
GCF_002895085___314,Negative,0.9907,0.0,0.9907,0.0093,555
GCF_002895085___315,Negative,0.9999,0.0,0.9999,1e-04,254
GCF_002895085___316,Negative,0.9743,0.0256,0.9743,0.0,104
GCF_002895085___317,Negative,0.9434,0.0021,0.9434,0.0545,49
GCF_002895085___318,Negative,0.7732,1e-04,0.7732,0.2267,184
GCF_002895085___319,Negative,0.7923,0.0051,0.7923,0.2026,698
GCF_002895085___320,Negative,0.9986,0.0005,0.0009,0.9986,568
GCF_002895085___321,Negative,0.9591,0.0,0.9591,0.0409,196
GCF_002895085___322,Negative,0.9945,0.0,0.9945,0.0055,533
GCF_002895085___323,Negative,0.8906,0.0,0.8906,0.1094,312
GCF_002895085___324,Negative,0.9837,0.0002,0.9837,0.0161,306
GCF_002895085___325,Inc-protein,0.9998,0.9998,1e-04,1e-04,223
GCF_002895085___326,Negative,0.9998,0.0,0.9998,0.0002,818
GCF_002895085___327,Negative,0.9997,0.0,0.9997,0.0003,213
GCF_002895085___328,Negative,0.9989,0.0002,0.9989,0.0009,58
GCF_002895085___329,Negative,0.9756,0.0006,0.9756,0.0238,391
GCF_002895085___330,Negative,0.9987,0.0,0.9987,0.0013,678
GCF_002895085___331,Negative,0.731,0.0003,0.731,0.2686,103
GCF_002895085___332,Inc-protein,0.9997,0.9997,0.0003,0.0,230
GCF_002895085___333,Negative,0.1625,0.2844,0.1625,0.5531,70
GCF_002895085___334,Negative,0.6925,0.245,0.6925,0.0624,337
GCF_002895085___335,Negative,0.972,0.0002,0.0278,0.972,263
GCF_002895085___336,Negative,0.9828,0.0,0.9828,0.0172,113
GCF_002895085___337,Negative,0.897,1e-04,0.1028,0.897,566
GCF_002895085___338,Negative,0.945,0.0002,0.945,0.0548,96
GCF_002895085___339,Negative,0.9573,0.0,0.9573,0.0427,443
GCF_002895085___340,Negative,0.5816,0.4034,0.5816,0.0149,698
GCF_002895085___341,Inc-protein,0.9741,0.9741,0.0244,0.0015,163
GCF_002895085___342,Inc-protein,0.9988,0.9988,0.0008,0.0004,143
GCF_002895085___343,Inc-protein,0.9711,0.9711,0.0279,0.001,132
GCF_002895085___344,Negative,0.769,0.0,0.769,0.231,249
GCF_002895085___345,Negative,0.9788,0.0,0.9788,0.0212,453
GCF_002895085___346,Negative,0.9646,0.0,0.9646,0.0354,237
GCF_002895085___347,Negative,0.6089,1e-04,0.6089,0.391,154
GCF_002895085___348,Negative,0.9037,0.0,0.9037,0.0963,601
GCF_002895085___349,Negative,0.69,0.0003,0.69,0.3097,207
GCF_002895085___350,Negative,0.997,0.0,0.997,0.003,308
GCF_002895085___351,Negative,0.9997,0.0,0.9997,0.0003,147
GCF_002895085___352,Negative,0.504,0.0,0.504,0.496,158
GCF_002895085___353,Negative,0.6482,0.0,0.6482,0.3518,226
GCF_002895085___354,Negative,0.8811,0.1167,0.0022,0.8811,468
GCF_002895085___355,Inc-protein,0.9999,0.9999,0.0,1e-04,576
GCF_002895085___356,Inc-protein,0.9994,0.9994,0.0006,0.0,199
GCF_002895085___357,Inc-protein,0.9999,0.9999,0.0,1e-04,186
GCF_002895085___358,Negative,0.8909,0.0,0.8909,0.109,362
GCF_002895085___359,Negative,0.9888,0.0,0.9888,0.0112,845
GCF_002895085___360,Negative,0.3081,0.0,0.3081,0.6919,244
GCF_002895085___361,Negative,0.963,0.0005,0.0366,0.963,474
GCF_002895085___362,Negative,0.955,0.0048,0.0402,0.955,676
GCF_002895085___363,Negative,0.9356,0.0,0.9356,0.0644,113
GCF_002895085___364,Inc-protein,0.9984,0.9984,0.0015,0.0,104
GCF_002895085___365,Inc-protein,0.9988,0.9988,0.0011,1e-04,110
GCF_002895085___366,Negative,0.9994,0.0006,0.9994,0.0,264
GCF_002895085___367,Negative,0.9999,1e-04,0.9999,0.0,213
GCF_002895085___368,Negative,1.0,0.0,1.0,0.0,320
GCF_002895085___369,Negative,0.9987,0.0012,0.9987,1e-04,503
GCF_002895085___370,Negative,0.954,0.0039,0.042,0.954,139
GCF_002895085___371,Negative,0.6546,1e-04,0.6546,0.3454,197
GCF_002895085___372,Negative,0.5738,0.0003,0.5738,0.4259,450
GCF_002895085___373,Negative,0.9759,1e-04,0.9759,0.0239,143
GCF_002895085___374,Negative,0.9475,0.0142,0.0383,0.9475,181
GCF_002895085___375,Negative,0.9704,0.0,0.9704,0.0296,298
GCF_002895085___376,Negative,0.9443,0.0545,0.9443,0.0013,95
GCF_002895085___377,Negative,0.9941,0.0002,0.9941,0.0057,649
GCF_002895085___378,Negative,0.9992,0.0,0.9992,0.0008,66
GCF_002895085___379,Negative,0.9968,0.0,0.9968,0.0032,483
GCF_002895085___380,Negative,0.9191,0.0008,0.9191,0.0801,239
GCF_002895085___381,Negative,0.9834,0.0,0.9834,0.0166,100
GCF_002895085___382,Negative,0.9741,0.0,0.0259,0.9741,394
GCF_002895085___383,Negative,0.9674,1e-04,0.9674,0.0325,324
GCF_002895085___384,Negative,0.7034,0.2927,0.7034,0.0039,655
GCF_002895085___385,Negative,0.5969,1e-04,0.5969,0.4031,216
GCF_002895085___386,Negative,0.9352,0.0,0.9352,0.0647,257
GCF_002895085___387,Negative,0.947,0.0,0.947,0.053,228
GCF_002895085___388,Negative,0.2148,0.0002,0.2148,0.7849,157
GCF_002895085___389,Negative,0.9918,0.008,0.9918,0.0002,156
GCF_002895085___390,Negative,0.9819,0.0,0.9819,0.0181,295
GCF_002895085___391,Negative,0.9982,0.0,0.9982,0.0018,299
GCF_002895085___392,Negative,0.9978,0.0021,1e-04,0.9978,505
GCF_002895085___393,Negative,0.9311,1e-04,0.0688,0.9311,226
GCF_002895085___394,Negative,0.9715,0.0033,0.0252,0.9715,539
GCF_002895085___395,Negative,0.9979,0.0,0.9979,0.0021,45
GCF_002895085___396,Negative,0.9596,0.0002,0.0402,0.9596,102
GCF_002895085___397,Negative,0.8139,0.0004,0.8139,0.1857,274
GCF_002895085___398,Negative,0.8726,1e-04,0.8726,0.1273,369
GCF_002895085___399,Negative,0.9358,1e-04,0.9358,0.064,128
GCF_002895085___400,Negative,0.5806,0.4136,0.5806,0.0058,259
GCF_002895085___401,Negative,0.6792,0.0002,0.6792,0.3206,230
GCF_002895085___402,Inc-protein,1.0,1.0,0.0,0.0,112
GCF_002895085___403,Inc-protein,0.9983,0.9983,0.0013,0.0004,65
GCF_002895085___404,Inc-protein,0.9999,0.9999,0.0,0.0,349
GCF_002895085___405,Negative,0.988,0.0,0.988,0.012,249
GCF_002895085___406,Negative,0.9952,0.0,0.9952,0.0048,371
GCF_002895085___407,Negative,0.8371,0.1625,0.8371,0.0004,381
GCF_002895085___408,Negative,0.8376,0.1623,0.8376,0.0002,411
GCF_002895085___409,Negative,0.9024,0.0656,0.9024,0.0321,109
GCF_002895085___410,Negative,0.9997,0.0,0.9997,0.0003,190
GCF_002895085___411,Negative,0.9989,0.0,0.9989,0.0011,337
GCF_002895085___412,Negative,0.713,0.0002,0.713,0.2868,271
GCF_002895085___413,Negative,0.988,0.0,0.988,0.012,381
GCF_002895085___414,Negative,0.9969,0.0,0.9969,0.0031,242
GCF_002895085___415,Negative,0.9429,1e-04,0.9429,0.057,166
GCF_002895085___416,Negative,0.9077,0.0,0.9077,0.0923,159
GCF_002895085___417,Negative,0.9548,1e-04,0.9548,0.0451,500
GCF_002895085___418,Negative,0.7098,0.0,0.7098,0.2902,154
GCF_002895085___419,Negative,0.2532,0.0009,0.2532,0.7459,311
GCF_002895085___420,Negative,0.9995,0.0,0.9995,0.0005,236
GCF_002895085___421,Inc-protein,0.9914,0.9914,0.0082,0.0004,156
GCF_002895085___422,Negative,0.9836,0.0,0.0164,0.9836,453
GCF_002895085___423,Negative,0.2839,1e-04,0.2839,0.716,461
GCF_002895085___424,Negative,0.8556,1e-04,0.8556,0.1444,373
GCF_002895085___425,Negative,0.9726,0.0031,0.0243,0.9726,148
GCF_002895085___426,Negative,0.9711,0.0,0.9711,0.0289,908
GCF_002895085___427,Negative,0.9925,0.0,0.9925,0.0075,365
GCF_002895085___428,Negative,0.6297,0.0,0.6297,0.3703,260
GCF_002895085___429,Negative,0.9992,0.0,0.9992,0.0008,606
GCF_002895085___430,Inc-protein,0.9999,0.9999,0.0,1e-04,393
GCF_002895085___431,Inc-protein,0.9994,0.9994,0.0004,0.0002,323
GCF_002895085___432,Inc-protein,1.0,1.0,0.0,0.0,392
GCF_002895085___433,Negative,0.9991,0.0,0.9991,0.0009,91
GCF_002895085___434,Negative,0.6245,0.3699,0.6245,0.0055,584
GCF_002895085___435,Negative,0.7878,1e-04,0.7878,0.2121,257
GCF_002895085___436,Inc-protein,0.9976,0.9976,0.0023,1e-04,97
GCF_002895085___437,Negative,0.956,0.0004,0.956,0.0436,433
GCF_002895085___438,Negative,0.9964,0.0,0.9964,0.0036,483
GCF_002895085___439,Negative,0.9994,0.0,0.9994,0.0006,602
GCF_002895085___440,Inc-protein,0.9997,0.9997,0.0003,0.0,435
GCF_002895085___441,Negative,0.9958,0.0041,0.9958,1e-04,532
GCF_002895085___442,Negative,0.9792,0.0011,0.0197,0.9792,167
GCF_002895085___443,Negative,0.4765,0.0017,0.4765,0.5218,321
GCF_002895085___444,Negative,0.9994,0.0,0.9994,0.0006,259
GCF_002895085___445,Negative,0.9404,0.054,0.9404,0.0056,449
GCF_002895085___446,Negative,0.955,0.0409,0.955,0.0041,327
GCF_002895085___447,Negative,0.984,0.0,0.984,0.016,379
GCF_002895085___448,Negative,0.9842,0.0153,0.9842,0.0004,622
GCF_002895085___449,Negative,0.8606,0.0009,0.1385,0.8606,326
GCF_002895085___450,Negative,0.8513,1e-04,0.8513,0.1487,367
GCF_002895085___451,Negative,0.9246,0.0,0.9246,0.0754,366
GCF_002895085___452,Negative,0.9989,0.0002,0.9989,0.0009,150
GCF_002895085___453,Negative,0.9921,0.0,0.9921,0.0079,283
GCF_002895085___454,Negative,0.9978,0.0,0.9978,0.0022,287
GCF_002895085___455,Negative,0.8296,0.1688,0.8296,0.0015,171
GCF_002895085___456,Negative,0.2697,0.0,0.2697,0.7302,96
GCF_002895085___457,Negative,1.0,0.0,0.0,1.0,579
GCF_002895085___458,Negative,0.9841,0.0013,0.0147,0.9841,153
GCF_002895085___459,Negative,0.8998,0.0143,0.0859,0.8998,352
GCF_002895085___460,Negative,0.908,0.0,0.908,0.0919,581
GCF_002895085___461,Negative,0.9144,0.0011,0.9144,0.0845,56
GCF_002895085___462,Negative,0.9856,0.0,0.9856,0.0144,530
GCF_002895085___463,Negative,0.7308,0.0002,0.7308,0.269,146
GCF_002895085___464,Negative,0.9867,0.0002,0.0131,0.9867,398
GCF_002895085___465,Negative,0.9974,0.0026,0.9974,0.0,709
GCF_002895085___466,Negative,0.3311,0.6678,0.3311,0.0011,360
GCF_002895085___467,Negative,0.9967,0.0,0.9967,0.0033,364
GCF_002895085___468,Negative,0.8357,1e-04,0.8357,0.1642,304
GCF_002895085___469,Negative,0.9985,0.0,0.9985,0.0015,235
GCF_002895085___470,Negative,0.9962,0.0,0.9962,0.0037,120
GCF_002895085___471,Negative,0.7761,0.0002,0.7761,0.2238,885
GCF_002895085___472,Negative,0.8939,0.0,0.8939,0.106,434
GCF_002895085___473,Negative,0.881,0.0,0.881,0.1189,581
GCF_002895085___474,Negative,0.9988,0.0,0.9988,0.0011,311
GCF_002895085___475,Negative,0.9935,0.0,0.9935,0.0065,122
GCF_002895085___476,Inc-protein,0.8707,0.8707,0.129,0.0003,148
GCF_002895085___477,Negative,0.9642,0.0355,0.9642,0.0003,296
GCF_002895085___478,Negative,0.9946,0.0047,0.9946,0.0006,794
GCF_002895085___479,Negative,0.8184,0.0003,0.1813,0.8184,460
GCF_002895085___480,Inc-protein,0.9982,0.9982,0.0018,0.0,118
GCF_002895085___481,Negative,0.9987,0.0,0.9987,0.0013,832
GCF_002895085___482,Negative,0.9442,0.0,0.9442,0.0558,429
GCF_002895085___483,Negative,0.9997,0.0,0.9997,0.0003,328
GCF_002895085___484,Negative,0.9963,1e-04,0.9963,0.0036,341
GCF_002895085___485,Negative,0.9975,0.001,0.0015,0.9975,343
GCF_002895085___486,Negative,0.7398,0.0003,0.7398,0.2599,359
GCF_002895085___487,Negative,0.6078,0.0034,0.6078,0.3888,179
GCF_002895085___488,Negative,0.8921,0.0021,0.8921,0.1058,788
GCF_002895085___489,Negative,0.973,0.0002,0.973,0.0268,200
GCF_002895085___490,Negative,0.9993,0.0,0.9993,0.0007,333
GCF_002895085___491,Negative,0.9927,0.0,0.9927,0.0073,308
GCF_002895085___492,Negative,0.997,0.0,0.997,0.003,248
GCF_002895085___493,Negative,0.9473,0.0,0.9473,0.0527,78
GCF_002895085___494,Negative,0.9212,0.0006,0.0782,0.9212,139
GCF_002895085___495,Inc-protein,0.8267,0.8267,0.1647,0.0086,925
GCF_002895085___496,Inc-protein,0.9998,0.9998,1e-04,1e-04,184
GCF_002895085___497,Inc-protein,0.9996,0.9996,0.0,0.0004,202
GCF_002895085___498,Negative,0.9965,0.0035,0.9965,0.0,493
GCF_002895085___499,Negative,0.9936,0.0064,0.9936,0.0,406
GCF_002895085___500,Inc-protein,0.9999,0.9999,1e-04,0.0,392
GCF_002895085___501,Negative,0.9944,0.0004,0.0052,0.9944,710
GCF_002895085___502,Negative,0.6989,0.3008,0.6989,0.0004,491
GCF_002895085___503,Inc-protein,0.9999,0.9999,1e-04,0.0,471
GCF_002895085___504,Negative,0.9761,0.0236,0.9761,0.0002,466
GCF_002895085___505,Negative,0.9992,0.0,0.9992,0.0008,349
GCF_002895085___506,Inc-protein,1.0,1.0,0.0,0.0,648
GCF_002895085___507,Negative,0.9824,0.0,0.9824,0.0176,341
GCF_002895085___508,Negative,0.6902,0.3084,0.6902,0.0013,221
GCF_002895085___509,Negative,0.8597,0.0004,0.8597,0.1399,267
GCF_002895085___510,Negative,0.3823,0.6158,0.3823,0.0019,172
GCF_002895085___511,Negative,0.6807,1e-04,0.6807,0.3192,116
GCF_002895085___512,Negative,0.9901,0.0,0.9901,0.0099,806
GCF_002895085___513,Negative,0.9984,0.0,0.9984,0.0016,830
GCF_002895085___514,Negative,0.9313,0.0007,0.9313,0.0681,211
GCF_002895085___515,Negative,0.9762,0.0,0.9762,0.0238,295
GCF_002895085___516,Negative,0.5414,0.0005,0.5414,0.4581,240
GCF_002895085___517,Negative,0.9733,0.0,0.9733,0.0266,288
GCF_002895085___518,Negative,0.6617,0.0,0.6617,0.3383,324
GCF_002895085___519,Inc-protein,1.0,1.0,0.0,0.0,366
GCF_002895085___520,Inc-protein,0.9995,0.9995,0.0,0.0005,366
GCF_002895085___521,Negative,0.9184,0.0012,0.9184,0.0804,226
GCF_002895085___522,Negative,0.8383,0.1612,0.8383,0.0005,299
GCF_002895085___523,Negative,0.9978,0.0,0.9978,0.0022,192
GCF_002895085___524,Negative,0.9963,0.0037,0.9963,0.0,297
GCF_002895085___525,Negative,0.9959,0.0,0.9959,0.0041,278
GCF_002895085___526,Negative,0.9185,0.0,0.9185,0.0815,254
GCF_002895085___527,Negative,0.8307,0.0,0.8307,0.1693,157
GCF_002895085___528,Negative,0.8911,0.0,0.8911,0.1089,277
GCF_002895085___529,Negative,0.8997,1e-04,0.1002,0.8997,281
GCF_002895085___530,Negative,0.9653,0.0,0.0346,0.9653,273
GCF_002895085___531,Negative,0.9554,0.0,0.9554,0.0446,460
GCF_002895085___532,Negative,0.9998,0.0,0.9998,0.0002,52
GCF_002895085___533,Negative,0.9989,0.001,0.9989,1e-04,503
GCF_002895085___534,Negative,0.9908,0.0,0.9908,0.0091,223
GCF_002895085___535,Negative,0.9703,0.0004,0.0292,0.9703,319
GCF_002895085___536,Inc-protein,0.9998,0.9998,0.0002,0.0,121
GCF_002895085___537,Negative,0.9997,0.0,0.9997,0.0003,150
GCF_002895085___538,Negative,0.9967,0.0,0.9967,0.0033,133
GCF_002895085___539,Negative,0.7388,0.0002,0.7388,0.261,283
GCF_002895085___540,Negative,0.9998,0.0,0.9998,0.0002,213
GCF_002895085___541,Inc-protein,0.9997,0.9997,0.0,0.0003,377
GCF_002895085___542,Negative,0.6933,0.2577,0.6933,0.049,137
GCF_002895085___543,Inc-protein,0.9997,0.9997,0.0,0.0003,378
GCF_002895085___544,Negative,0.9737,0.0,0.9737,0.0263,258
GCF_002895085___545,Negative,0.9749,0.0,0.9749,0.0251,521
GCF_002895085___546,Negative,0.3784,0.0019,0.3784,0.6197,528
GCF_002895085___547,Negative,0.9999,0.0,0.9999,1e-04,344
GCF_002895085___548,Negative,0.9823,0.0,0.9823,0.0177,67
GCF_002895085___549,Negative,0.945,0.0547,0.945,0.0002,215
GCF_002895085___550,Negative,0.928,0.0006,0.928,0.0714,226
GCF_002895085___551,Negative,0.8941,0.0,0.1058,0.8941,448
GCF_002895085___552,Negative,0.9037,0.0183,0.0781,0.9037,1139
GCF_002895085___553,Negative,0.6853,0.3126,0.6853,0.0021,430
GCF_002895085___554,Negative,0.6711,0.0008,0.6711,0.3281,309
GCF_002895085___555,Inc-protein,0.9999,0.9999,0.0,0.0,380
GCF_002895085___556,Negative,0.9963,0.0,0.9963,0.0037,231
GCF_002895085___557,Negative,0.9419,1e-04,0.9419,0.058,185
GCF_002895085___558,Negative,0.9969,0.0,0.9969,0.0031,166
GCF_002895085___559,Negative,0.9993,0.0,0.9993,0.0007,451
GCF_002895085___560,Negative,0.9768,0.0126,0.9768,0.0106,69
GCF_002895085___561,Negative,0.9336,0.0035,0.9336,0.0629,54
GCF_002895085___562,Negative,0.9949,1e-04,0.005,0.9949,292
GCF_002895085___563,Negative,0.999,1e-04,0.0009,0.999,450
GCF_002895085___564,Inc-protein,1.0,1.0,0.0,0.0,329
GCF_002895085___565,Negative,0.9349,0.0019,0.0633,0.9349,207
GCF_002895085___566,Negative,0.314,0.6818,0.314,0.0043,94
GCF_002895085___567,Negative,0.9996,0.0,0.0004,0.9996,226
GCF_002895085___568,Negative,0.9948,0.0011,0.9948,0.0041,57
GCF_002895085___569,Negative,0.8346,0.1644,0.001,0.8346,522
GCF_002895085___570,Negative,0.9911,0.0006,0.9911,0.0083,99
GCF_002895085___571,Negative,1.0,0.0,1.0,0.0,172
GCF_002895085___572,Negative,1.0,0.0,1.0,0.0,140
GCF_002895085___573,Negative,0.8253,0.0009,0.1738,0.8253,277
GCF_002895085___574,Inc-protein,0.9997,0.9997,0.0,0.0003,155
GCF_002895085___575,Negative,0.8477,0.0501,0.1021,0.8477,58
GCF_002895085___576,Negative,0.8312,0.0006,0.8312,0.1682,99
GCF_002895085___577,Negative,0.9961,0.0,0.9961,0.0039,67
GCF_002895085___578,Negative,0.2485,0.6586,0.2485,0.0929,154
GCF_002895085___579,Negative,0.998,0.0019,0.998,0.0,223
GCF_002895085___580,Negative,0.9961,0.0,0.9961,0.0039,372
GCF_002895085___581,Negative,0.1571,0.708,0.1571,0.1349,148
GCF_002895085___582,Inc-protein,0.8576,0.8576,0.0212,0.1213,154
GCF_002895085___583,Inc-protein,0.9962,0.9962,0.0,0.0038,202
GCF_002895085___584,Negative,0.9989,0.0011,0.9989,0.0,136
GCF_002895085___585,Negative,0.9068,0.0004,0.9068,0.0928,212
GCF_002895085___586,Inc-protein,0.93,0.93,0.0462,0.0238,432
GCF_002895085___587,Inc-protein,0.9999,0.9999,0.0,0.0,234
GCF_002895085___588,Negative,0.9073,1e-04,0.9073,0.0926,235
GCF_002895085___589,Negative,0.3443,1e-04,0.3443,0.6556,215
GCF_002895085___590,Negative,0.8482,0.0003,0.1515,0.8482,258
GCF_002895085___591,Negative,0.9906,0.0,0.9906,0.0094,254
GCF_002895085___592,Negative,0.9995,0.0,0.9995,0.0005,537
GCF_002895085___593,Negative,0.9961,0.0,0.9961,0.0039,150
GCF_002895085___594,Negative,0.6554,0.0026,0.6554,0.342,446
GCF_002895085___595,Negative,0.2622,0.0014,0.2622,0.7364,535
GCF_002895085___596,Negative,0.9296,1e-04,0.9296,0.0703,487
GCF_002895085___597,Negative,0.9915,0.0084,0.9915,0.0,323
GCF_002895085___598,Negative,0.9786,0.0211,0.9786,0.0003,284
GCF_002895085___599,Negative,0.9431,0.0002,0.9431,0.0568,288
GCF_002895085___600,Negative,0.9432,1e-04,0.9432,0.0567,261
GCF_002895085___601,Negative,0.9674,0.0042,0.0284,0.9674,249
GCF_002895085___602,Negative,0.9987,0.0012,0.9987,0.0,470
GCF_002895085___603,Negative,0.2701,0.0,0.2701,0.7298,552
GCF_002895085___604,Negative,0.6996,0.0004,0.6996,0.3,270
GCF_002895085___605,Negative,0.5365,0.0,0.5365,0.4635,541
GCF_002895085___606,Negative,0.8854,0.0003,0.8854,0.1143,433
GCF_002895085___607,Negative,0.9925,0.0,0.9925,0.0075,820
GCF_002895085___608,Negative,0.202,0.0061,0.202,0.7919,319
GCF_002895085___609,Negative,0.9469,0.0,0.053,0.9469,506
GCF_002895085___610,Inc-protein,0.9992,0.9992,0.0,0.0008,1466
GCF_002895085___611,Negative,0.9649,0.0,0.9649,0.0351,660
GCF_002895085___612,Negative,0.6059,0.0,0.6059,0.3941,618
GCF_002895085___613,Inc-protein,0.9993,0.9993,0.0006,0.0,151
GCF_002895085___614,Negative,0.6104,0.3744,0.6104,0.0153,123
GCF_002895085___615,Negative,0.9999,0.0,0.9999,1e-04,44
GCF_002895085___616,Inc-protein,0.9437,0.9437,0.0562,1e-04,108
GCF_002895085___617,Inc-protein,0.9996,0.9996,0.0004,0.0,137
GCF_002895085___618,Negative,0.9679,0.0029,0.0292,0.9679,500
GCF_002895085___619,Negative,0.8142,0.0,0.1858,0.8142,432
GCF_002895085___620,Negative,1.0,0.0,1.0,0.0,156
GCF_002895085___621,Negative,0.9986,0.0003,0.9986,0.001,139
GCF_002895085___622,Negative,0.8667,0.0,0.8667,0.1333,839
GCF_002895085___623,Negative,0.9869,0.0,0.9869,0.0131,864
GCF_002895085___624,Negative,0.9913,0.0017,0.9913,0.007,267
GCF_002895085___625,Negative,0.9965,0.0,0.9965,0.0034,258
GCF_002895085___626,Negative,0.8824,0.117,0.8824,0.0006,261
GCF_002895085___627,Negative,0.9955,0.0,0.9955,0.0045,437
GCF_002895085___628,Negative,0.946,0.0005,0.946,0.0536,189
GCF_002895085___629,Negative,0.9967,1e-04,0.9967,0.0032,146
GCF_002895085___630,Negative,0.995,0.0,0.995,0.005,233
GCF_002895085___631,Negative,0.9669,0.0011,0.032,0.9669,280
GCF_002895085___632,Inc-protein,0.9995,0.9995,0.0005,0.0,107
GCF_002895085___633,Inc-protein,0.9999,0.9999,0.0,1e-04,392
GCF_002895085___634,Negative,0.9999,0.0,1e-04,0.9999,446
GCF_002895085___635,Inc-protein,0.9999,0.9999,1e-04,0.0,109
GCF_002895085___636,Negative,0.9993,0.0,0.9993,0.0007,251
GCF_002895085___637,Negative,0.88,1e-04,0.1199,0.88,608
GCF_002895085___638,Negative,0.9146,1e-04,0.9146,0.0854,133
GCF_002895085___639,Negative,0.9991,0.0,0.9991,0.0009,544
GCF_002895085___640,Negative,0.2548,0.0096,0.2548,0.7356,279
GCF_002895085___641,Inc-protein,1.0,1.0,0.0,0.0,207
GCF_002895085___642,Negative,1.0,0.0,0.0,1.0,301
GCF_002895085___643,Negative,0.8314,0.0,0.8314,0.1686,258
GCF_002895085___644,Negative,0.9943,0.0056,0.9943,0.0002,339
GCF_002895085___645,Negative,0.8698,1e-04,0.8698,0.1302,732
GCF_002895085___646,Negative,0.9818,1e-04,0.9818,0.0181,551
GCF_002895085___647,Negative,0.4284,0.0006,0.4284,0.5709,98
GCF_002895085___648,Negative,0.9914,0.0,0.9914,0.0086,204
GCF_002895085___649,Negative,0.9906,0.0,0.9906,0.0094,212
GCF_002895085___650,Negative,0.9986,0.0,0.9986,0.0013,122
GCF_002895085___651,Negative,0.956,0.0,0.956,0.044,355
GCF_002895085___652,Negative,0.9823,0.0,0.9823,0.0177,119
GCF_002895085___653,Negative,0.908,0.0015,0.908,0.0905,447
GCF_002895085___654,Negative,0.9416,0.0,0.9416,0.0584,283
GCF_002895085___655,Negative,0.9994,0.0,0.9994,0.0006,361
GCF_002895085___656,Negative,0.9979,0.0,0.9979,0.002,108
GCF_002895085___657,Negative,0.9888,0.0015,0.0097,0.9888,251
GCF_002895085___658,Negative,0.7205,0.0478,0.7205,0.2317,630
GCF_002895085___659,Negative,0.9942,0.0,0.9942,0.0058,1043
GCF_002895085___660,Negative,0.0419,0.3138,0.0419,0.6443,169
GCF_002895085___661,Negative,0.936,0.0,0.936,0.064,430
GCF_002895085___662,Negative,0.9986,0.0,0.0014,0.9986,245
GCF_002895085___663,Negative,0.9296,0.0003,0.0701,0.9296,408
GCF_002895085___664,Negative,0.862,0.0002,0.862,0.1378,293
GCF_002895085___665,Negative,0.9882,0.0002,0.9882,0.0116,76
GCF_002895085___666,Negative,0.9932,0.0067,0.9932,1e-04,353
GCF_002895085___667,Negative,0.9974,0.0025,0.9974,1e-04,446
GCF_002895085___668,Negative,0.9656,0.0343,0.9656,1e-04,264
GCF_002895085___669,Negative,0.9247,0.0002,0.9247,0.0751,422
GCF_002895085___670,Negative,0.6383,0.0079,0.6383,0.3539,455
GCF_002895085___671,Negative,0.8504,0.0331,0.8504,0.1166,72
GCF_002895085___672,Negative,0.9942,0.0,0.9942,0.0058,481
GCF_002895085___673,Negative,0.9094,0.0,0.9094,0.0906,1806
GCF_002895085___674,Negative,0.9441,0.0,0.0559,0.9441,933
GCF_002895085___675,Negative,0.9785,0.0,0.9785,0.0215,940
GCF_002895085___676,Negative,0.6355,0.0005,0.6355,0.364,161
GCF_002895085___677,Negative,0.999,0.001,0.999,0.0,141
GCF_002895085___678,Negative,0.9522,0.0473,0.9522,0.0006,649
GCF_002895085___679,Negative,0.8449,0.0055,0.8449,0.1497,208
GCF_002895085___680,Negative,0.9191,0.0,0.9191,0.0809,438
GCF_002895085___681,Negative,0.9857,0.0,0.9857,0.0143,591
GCF_002895085___682,Negative,0.929,1e-04,0.0709,0.929,266
GCF_002895085___683,Negative,0.9059,1e-04,0.9059,0.094,208
GCF_002895085___684,Negative,0.9899,0.0003,0.0097,0.9899,250
GCF_002895085___685,Negative,0.43,1e-04,0.43,0.5699,126
GCF_002895085___686,Negative,0.9928,0.0,0.9928,0.0072,327
GCF_002895085___687,Negative,0.997,0.0,0.997,0.003,1393
GCF_002895085___688,Negative,0.9976,0.0,0.9976,0.0024,1252
GCF_002895085___689,Negative,0.9757,0.0003,0.9757,0.024,131
GCF_002895085___690,Negative,0.9463,0.0002,0.9463,0.0535,170
GCF_002895085___691,Negative,0.9998,0.0,0.9998,0.0002,232
GCF_002895085___692,Negative,0.9999,0.0,0.9999,1e-04,141
GCF_002895085___693,Negative,0.9806,0.0,0.9806,0.0194,182
GCF_002895085___694,Negative,0.7642,0.235,0.7642,0.0008,81
GCF_002895085___695,Negative,0.9994,0.0,0.9994,0.0006,394
GCF_002895085___696,Negative,0.996,0.0,0.996,0.004,73
GCF_002895085___697,Inc-protein,0.9952,0.9952,0.0,0.0048,328
GCF_002895085___698,Negative,0.9821,0.0,0.9821,0.0178,149
GCF_002895085___699,Negative,0.9945,0.0054,0.9945,0.0002,197
GCF_002895085___700,Negative,0.9999,0.0,0.0,0.9999,489
GCF_002895085___701,Negative,0.2817,0.6142,0.2817,0.1041,113
GCF_002895085___702,Negative,0.0012,0.3313,0.0012,0.6675,562
GCF_002895085___703,Negative,0.9857,0.0015,0.0128,0.9857,206
GCF_002895085___704,Negative,0.7492,0.0124,0.7492,0.2384,95
GCF_002895085___705,Negative,0.9937,0.0,0.9937,0.0063,288
GCF_002895085___706,Negative,0.9138,0.0,0.9138,0.0862,440
GCF_002895085___707,Negative,0.9897,0.0,0.9897,0.0103,333
GCF_002895085___708,Negative,0.9765,1e-04,0.9765,0.0234,246
GCF_002895085___709,Negative,0.9236,1e-04,0.9236,0.0763,277
GCF_002895085___710,Negative,0.9946,0.0054,0.9946,0.0,212
GCF_002895085___711,Negative,0.8772,0.1055,0.0173,0.8772,377
GCF_002895085___712,Negative,0.2386,0.0023,0.2386,0.7591,279
GCF_002895085___713,Negative,0.9996,0.0,0.9996,0.0004,331
GCF_002895085___714,Negative,0.9988,0.0,0.9988,0.0012,382
GCF_002895085___715,Negative,0.9994,0.0,0.9994,0.0006,207
GCF_002895085___716,Negative,0.9974,0.0,0.9974,0.0026,425
GCF_002895085___717,Negative,0.896,1e-04,0.1039,0.896,219
GCF_002895085___718,Negative,0.9765,1e-04,0.9765,0.0235,454
GCF_002895085___719,Negative,0.8444,1e-04,0.8444,0.1554,159
GCF_002895085___720,Negative,0.996,0.0,0.996,0.004,359
GCF_002895085___721,Negative,0.9881,0.0,0.9881,0.0119,379
GCF_002895085___722,Negative,0.7837,0.0,0.7837,0.2163,477
GCF_002895085___723,Negative,0.2945,0.0011,0.2945,0.7044,264
GCF_002895085___724,Negative,0.9557,0.0012,0.9557,0.0431,448
GCF_002895085___725,Negative,0.9993,0.0,0.9993,0.0007,195
GCF_002895085___726,Negative,0.9933,0.0066,0.9933,1e-04,486
GCF_002895085___727,Negative,0.947,0.0,0.947,0.053,346
GCF_002895085___728,Negative,0.2319,0.7621,0.2319,0.0061,274
GCF_002895085___729,Negative,0.9962,0.0,0.9962,0.0038,328
GCF_002895085___730,Negative,0.9975,1e-04,0.9975,0.0023,47
GCF_002895085___731,Negative,0.9868,0.0,0.9868,0.0132,530
GCF_002895085___732,Negative,0.968,1e-04,0.968,0.0319,299
GCF_002895085___733,Negative,0.5676,0.0021,0.5676,0.4303,95
GCF_002895085___734,Negative,0.6291,0.003,0.6291,0.3679,69
GCF_002895085___735,Negative,1.0,0.0,0.0,1.0,481
GCF_002895085___736,Negative,0.9794,0.0,0.9794,0.0206,172
GCF_002895085___737,Inc-protein,0.8566,0.8566,0.0,0.1434,504
GCF_002895085___738,Negative,0.8307,0.1693,0.0,0.8307,492
GCF_002895085___739,Negative,0.9201,0.0002,0.9201,0.0797,216
GCF_002895085___740,Negative,0.9531,0.0,0.9531,0.0469,309
GCF_002895085___741,Negative,0.9243,0.0006,0.0751,0.9243,603
GCF_002895085___742,Negative,0.9998,0.0002,0.9998,0.0,420
GCF_002895085___743,Negative,0.9972,0.0028,0.9972,0.0,601
GCF_002895085___744,Negative,0.9975,1e-04,0.9975,0.0024,460
GCF_002895085___745,Negative,0.9598,0.0374,0.9598,0.0028,622
GCF_002895085___746,Negative,0.9852,0.0,0.9852,0.0147,216
GCF_002895085___747,Negative,0.9724,0.0275,0.9724,1e-04,202
GCF_002895085___748,Negative,0.9936,0.0063,0.9936,0.0,202
GCF_002895085___749,Negative,0.9951,0.0,0.9951,0.0049,290
GCF_002895085___750,Inc-protein,0.9911,0.9911,0.0086,0.0003,419
GCF_002895085___751,Negative,0.9802,0.0,0.9802,0.0198,61
GCF_002895085___752,Negative,0.9382,0.0009,0.0609,0.9382,167
GCF_002895085___753,Negative,0.8543,0.0036,0.1421,0.8543,172
GCF_002895085___754,Negative,0.6348,0.0935,0.6348,0.2718,176
GCF_002895085___755,Negative,0.2448,0.7536,0.2448,0.0015,235
GCF_002895085___756,Negative,0.7932,0.0028,0.7932,0.204,76
GCF_002895085___757,Negative,0.9943,0.0,0.9943,0.0057,157
GCF_002895085___758,Negative,0.8241,1e-04,0.8241,0.1758,89
GCF_002895085___759,Negative,0.997,0.0,0.997,0.003,694
GCF_002895085___760,Negative,0.9945,0.0018,0.9945,0.0037,913
GCF_002895085___761,Negative,0.3818,0.0002,0.3818,0.6181,317
GCF_002895085___762,Negative,0.9088,0.0827,0.9088,0.0085,357
GCF_002895085___763,Negative,0.6464,0.3486,0.6464,0.005,367
GCF_002895085___764,Negative,0.9999,1e-04,1e-04,0.9999,676
GCF_002895085___765,Negative,0.9791,0.0,0.9791,0.0208,341
GCF_002895085___766,Negative,0.9978,0.0,0.9978,0.0022,121
GCF_002895085___767,Negative,1.0,0.0,1.0,0.0,64
GCF_002895085___768,Negative,0.9978,0.0,0.9978,0.0022,186
GCF_002895085___769,Negative,0.8429,0.0,0.1571,0.8429,164
GCF_002895085___770,Negative,0.9961,0.0,0.9961,0.0039,296
GCF_002895085___771,Negative,0.9994,0.0,0.9994,0.0005,75
GCF_002895085___772,Negative,0.9995,0.0,0.9995,0.0005,119
GCF_002895085___773,Negative,0.9956,0.0,0.9956,0.0044,224
GCF_002895085___774,Negative,0.9957,0.0,0.9957,0.0043,346
GCF_002895085___775,Negative,0.9854,0.0,0.9854,0.0146,1045
GCF_002895085___776,Negative,0.8424,0.1575,0.8424,1e-04,268
GCF_002895085___777,Inc-protein,0.8415,0.8415,0.1578,0.0007,412
GCF_002895085___778,Negative,0.9635,0.0,0.9635,0.0365,974
GCF_002895085___779,Negative,0.9623,0.0,0.9623,0.0377,454
GCF_002895085___780,Negative,0.9705,1e-04,0.9705,0.0294,488
GCF_002895085___781,Negative,0.9993,0.0,0.9993,0.0007,291
GCF_002895085___782,Negative,0.9999,0.0,0.9999,1e-04,386
GCF_002895085___783,Negative,0.8216,0.005,0.8216,0.1734,286
GCF_002895085___784,Negative,0.9338,0.0661,0.9338,0.0002,238
GCF_002895085___785,Negative,0.9986,0.0014,0.9986,0.0,395
GCF_002895085___786,Negative,0.9981,0.0,0.9981,0.0019,609
GCF_002895085___787,Negative,0.9963,0.0,0.9963,0.0037,458
GCF_002895085___788,Negative,0.9045,0.0,0.9045,0.0955,428
GCF_002895085___789,Negative,0.9085,0.0912,0.9085,0.0004,627
GCF_002895085___790,Negative,0.7442,0.0018,0.7442,0.254,48
GCF_002895085___791,Inc-protein,0.9999,0.9999,0.0,1e-04,187
GCF_002895085___792,Inc-protein,1.0,1.0,0.0,0.0,356
GCF_002895085___793,Negative,0.9856,0.0003,0.0141,0.9856,91
GCF_002895085___794,Inc-protein,0.9954,0.9954,0.0045,1e-04,120
GCF_002895085___795,Inc-protein,0.9981,0.9981,0.0,0.0019,533
GCF_002895085___796,Inc-protein,1.0,1.0,0.0,0.0,262
GCF_002895085___797,Negative,0.9948,0.0006,0.0046,0.9948,415
GCF_002895085___798,Negative,0.0023,0.273,0.0023,0.7248,305
GCF_002895085___799,Inc-protein,0.8864,0.8864,0.1134,0.0002,79
GCF_002895085___800,Inc-protein,1.0,1.0,0.0,0.0,339
GCF_002895085___801,Inc-protein,1.0,1.0,0.0,0.0,475
GCF_002895085___802,Negative,0.0018,0.5001,0.0018,0.4981,424
GCF_002895085___803,Negative,0.9985,0.0014,1e-04,0.9985,940
GCF_002895085___804,Negative,1e-04,0.213,1e-04,0.7869,433
GCF_002895085___805,Negative,0.8974,0.0,0.1025,0.8974,1533
GCF_002895085___806,Negative,0.9474,0.0,0.9474,0.0526,316
GCF_002895085___807,Negative,0.9996,0.0,0.9996,0.0004,60
GCF_002895085___808,Negative,0.9253,1e-04,0.9253,0.0747,153
GCF_002895085___809,Negative,0.9818,0.0,0.9818,0.0182,510
GCF_002895085___810,Negative,0.971,0.0,0.971,0.029,331
GCF_002895085___811,Negative,0.8511,0.0004,0.1485,0.8511,936
GCF_002895085___812,Negative,0.9937,0.0061,0.9937,0.0002,450
GCF_002895085___813,Negative,0.3412,0.0004,0.3412,0.6583,75
GCF_002895085___814,Negative,0.9934,0.0,0.9934,0.0066,291
GCF_002895085___815,Negative,0.9858,0.0,0.9858,0.0142,172
GCF_002895085___816,Negative,0.9995,0.0,0.9995,0.0005,82
GCF_002895085___817,Negative,0.8941,1e-04,0.8941,0.1058,112
GCF_002895085___818,Negative,0.9948,0.0,0.9948,0.0052,183
GCF_002895085___819,Negative,0.9934,0.0,0.9934,0.0066,185
GCF_002895085___820,Negative,0.844,0.0002,0.844,0.1558,475
GCF_002895085___821,Negative,0.9291,0.0708,0.9291,1e-04,204
GCF_002895085___822,Negative,0.9416,0.0,0.9416,0.0583,1005
GCF_002895085___823,Negative,0.9939,0.0005,0.0056,0.9939,149
GCF_002895085___824,Negative,0.9639,0.0019,0.0342,0.9639,171
GCF_002895085___825,Negative,0.376,0.0008,0.376,0.6233,168
GCF_002895085___826,Negative,0.9849,0.0013,0.9849,0.0138,88
GCF_002895085___827,Negative,0.8438,0.0,0.8438,0.1562,591
GCF_002895085___828,Negative,0.9005,0.0,0.9005,0.0995,826
GCF_002895085___829,Negative,0.8942,1e-04,0.8942,0.1057,604
GCF_002895085___830,Negative,0.7902,0.0009,0.7902,0.2089,162
GCF_002895085___831,Negative,0.4901,0.4984,0.4901,0.0116,168
GCF_002895085___832,Negative,0.9994,0.0,0.9994,0.0006,101
GCF_002895085___833,Negative,0.9998,0.0,0.9998,0.0002,45
GCF_002895085___834,Negative,0.4546,1e-04,0.4546,0.5453,139
GCF_002895085___835,Negative,0.9884,0.0019,0.0097,0.9884,348
GCF_002895085___836,Negative,0.9181,0.0,0.9181,0.0819,476
GCF_002895085___837,Negative,0.9861,0.0,0.9861,0.0139,526
GCF_002895085___838,Negative,0.9191,0.0005,0.9191,0.0804,169
GCF_002895085___839,Negative,0.9994,0.0,0.0006,0.9994,237
GCF_002895085___840,Negative,0.9229,0.0,0.9229,0.0771,749
GCF_002895085___841,Negative,0.9909,0.0,0.9909,0.0091,368
GCF_002895085___842,Negative,0.9628,0.0,0.9628,0.0372,548
GCF_002895085___843,Negative,0.9989,0.0,0.9989,0.001,253
GCF_002895085___844,Negative,0.9293,0.0,0.9293,0.0707,326
GCF_002895085___845,Negative,0.9833,1e-04,0.9833,0.0166,349
GCF_002895085___846,Negative,0.9977,0.0,0.9977,0.0023,216
GCF_002895085___847,Negative,0.8823,1e-04,0.8823,0.1176,149
GCF_002895085___848,Negative,0.9978,0.0,0.9978,0.0022,416
GCF_002895085___849,Negative,0.9959,0.0,0.9959,0.0041,119
GCF_002895085___850,Negative,0.7083,0.0266,0.7083,0.2651,172
GCF_002895085___851,Negative,0.9995,1e-04,0.0004,0.9995,554
GCF_002895085___852,Negative,0.9522,0.0,0.9522,0.0478,353
GCF_002895085___853,Negative,0.8821,1e-04,0.8821,0.1177,342
GCF_002895085___854,Negative,0.9983,0.0,0.9983,0.0017,110
GCF_002895085___855,Negative,0.8633,0.0577,0.8633,0.0791,262
GCF_002895085___856,Negative,0.8651,0.0,0.8651,0.1349,114
GCF_002895085___857,Negative,0.958,0.0,0.958,0.042,142
GCF_002895085___858,Negative,0.9581,0.0,0.9581,0.0419,810
GCF_002895085___859,Negative,0.9386,0.0,0.9386,0.0614,323
GCF_002895085___860,Negative,0.9906,0.0093,0.9906,1e-04,384
GCF_002895085___861,Negative,0.9866,0.0003,0.9866,0.0131,242
GCF_002895085___862,Negative,0.9876,0.0,0.9876,0.0124,420
GCF_002895085___863,Negative,0.8785,0.1211,0.8785,0.0004,347
GCF_002895085___864,Negative,0.923,0.0,0.923,0.077,448
GCF_002895085___865,Negative,0.9889,0.0,0.0111,0.9889,508
GCF_002895085___866,Negative,0.9921,0.0,0.9921,0.0079,293
GCF_002895085___867,Negative,0.5991,0.0002,0.5991,0.4007,73
GCF_002895085___868,Negative,0.9995,0.0,0.9995,0.0005,190
GCF_002895085___869,Negative,0.9986,0.0,0.9986,0.0014,291
GCF_002895085___870,Negative,0.9996,0.0,0.9996,0.0004,665
GCF_002895085___871,Negative,0.9855,1e-04,0.9855,0.0145,875
GCF_002895085___872,Negative,0.9507,0.0,0.9507,0.0493,1083
GCF_002895085___873,Negative,0.9949,0.0,0.9949,0.0051,333
GCF_002895085___874,Negative,0.908,0.0,0.908,0.092,458
GCF_002895085___875,Negative,0.8511,0.0003,0.1486,0.8511,422
GCF_002895085___876,Negative,0.999,0.0003,0.0007,0.999,834
GCF_002895085___877,Negative,0.6318,0.0004,0.6318,0.3678,123
GCF_002895085___878,Negative,0.6305,0.0,0.6305,0.3695,401
GCF_002895085___879,Negative,0.9255,0.0721,0.9255,0.0024,117
GCF_002895085___880,Negative,0.9967,0.0033,0.9967,0.0,431
GCF_002895085___881,Inc-protein,0.9908,0.9908,0.0009,0.0083,499
GCF_002895085___882,Negative,0.9964,0.0006,0.0031,0.9964,209
GCF_002895085___883,Negative,0.7169,0.0018,0.7169,0.2812,54
GCF_002895085___884,Negative,0.9217,0.0768,0.9217,0.0015,804
GCF_002895085___885,Negative,0.8617,1e-04,0.8617,0.1382,262
GCF_002895085___886,Negative,0.9889,0.0,0.0111,0.9889,220
GCF_002895085___887,Negative,0.9485,0.0002,0.9485,0.0514,150
GCF_002895085___888,Negative,0.97,0.0297,0.97,0.0003,458
GCF_002895085___889,Negative,0.8024,0.0008,0.1968,0.8024,214
GCF_002895085___890,Negative,0.2032,0.0002,0.2032,0.7966,455
GCF_002895085___891,Negative,0.9945,1e-04,0.9945,0.0054,154
GCF_002895085___892,Negative,0.9937,0.0,0.9937,0.0063,420
GCF_002895085___893,Negative,0.9746,0.0,0.9746,0.0254,368
GCF_002895085___894,Negative,0.9837,1e-04,0.9837,0.0162,424
GCF_002895085___895,Inc-protein,0.9521,0.9521,0.0472,0.0007,247
GCF_002895085___896,Negative,0.7313,0.2683,0.7313,0.0004,657
GCF_002895085___897,Negative,0.9972,0.0027,0.9972,1e-04,379
GCF_002895085___898,Negative,0.9448,0.0,0.9448,0.0551,190
GCF_002895085___899,Negative,0.5584,0.4393,0.5584,0.0024,175
GCF_002895085___900,Negative,0.9084,1e-04,0.9084,0.0915,232
GCF_002895085___901,Negative,0.9484,0.0,0.9484,0.0515,255
GCF_002895085___902,Negative,0.9461,0.0004,0.0535,0.9461,385
GCF_002895085___903,Negative,0.99,0.0,0.99,0.01,273
GCF_002895085___904,Negative,0.8227,0.1264,0.0508,0.8227,337
GCF_002895085___905,Negative,0.9565,0.0002,0.0433,0.9565,181
GCF_002895085___906,Negative,0.7492,1e-04,0.7492,0.2507,434
GCF_002895085___907,Negative,0.83,0.001,0.83,0.169,124
GCF_002895085___908,Negative,0.542,0.0,0.542,0.458,460
GCF_002895085___909,Negative,0.9949,0.0,0.9949,0.0051,334
GCF_002895085___910,Negative,0.8188,0.0004,0.1808,0.8188,344
GCF_002895085___911,Negative,0.9893,0.0007,0.0101,0.9893,388
GCF_002895085___912,Negative,0.9926,0.0002,0.0071,0.9926,746
GCF_002895085___913,Negative,0.9529,0.0,0.9529,0.0471,603
GCF_002895085___914,Negative,0.9979,0.0,0.9979,0.0021,366
GCF_002895085___915,Negative,0.9375,0.0,0.9375,0.0625,1165
GCF_002895085___916,Negative,0.4819,0.0003,0.4819,0.5178,441
GCF_002895085___917,Negative,0.9997,0.0,0.9997,0.0003,203
GCF_002895085___918,Negative,0.9983,0.0,0.9983,0.0017,421
GCF_002895085___919,Negative,0.6689,1e-04,0.6689,0.331,410
GCF_002895085___920,Negative,0.9861,0.0,0.9861,0.0139,474
GCF_002895085___921,Negative,0.2998,1e-04,0.2998,0.7001,114
GCF_002895085___922,Negative,0.9873,0.0,0.9873,0.0127,969
GCF_002895085___923,Negative,0.7418,0.0993,0.7418,0.1589,441
GCF_002895085___924,Negative,0.9285,0.0002,0.9285,0.0712,299
GCF_002895085___925,Negative,0.7771,1e-04,0.7771,0.2228,443
GCF_002895085___926,Negative,0.9898,0.0,0.9898,0.0102,232
GCF_002895085___927,Negative,0.9843,0.0153,0.9843,0.0004,409
GCF_002895085___928,Negative,0.5757,1e-04,0.5757,0.4243,1206
GCF_002895085___929,Inc-protein,0.99,0.99,0.0099,1e-04,154
GCF_002895085___930,Negative,0.9952,0.0,0.9952,0.0048,462
GCF_002895085___931,Negative,0.9858,0.0,0.9858,0.0142,310
GCF_002895085___932,Negative,0.9715,0.0268,0.9715,0.0016,317
GCF_002895085___933,Negative,0.999,0.0002,0.0007,0.999,277
GCF_002895085___934,Negative,0.3374,0.0002,0.3374,0.6624,218
GCF_002895085___935,Negative,0.9991,0.0004,0.9991,0.0004,305
GCF_002895085___936,Negative,0.9992,0.0007,0.9992,0.0,94
GCF_002895085___937,Negative,0.9997,0.0002,0.9997,0.0,289
GCF_002895085___938,Inc-protein,0.9987,0.9987,0.0008,0.0005,147
GCF_002895085___939,Negative,0.9376,0.0095,0.053,0.9376,334
GCF_002895085___940,Inc-protein,0.8644,0.8644,0.1356,1e-04,157
GCF_002895085___941,Negative,0.9199,0.007,0.9199,0.0731,127
GCF_002895085___942,Negative,0.9879,0.0006,0.9879,0.0115,125
GCF_002895085___943,Negative,0.8816,0.118,0.8816,0.0003,391
GCF_002895085___944,Negative,0.9974,0.0,0.9974,0.0026,497
GCF_002895085___945,Negative,0.6508,0.0008,0.6508,0.3484,753
GCF_002895085___946,Negative,0.9566,0.0005,0.0429,0.9566,426
GCF_002895085___947,Negative,0.919,0.0,0.919,0.081,356
GCF_002895085___948,Negative,0.3824,0.0,0.3824,0.6176,582
GCF_002895085___949,Negative,0.8476,0.0002,0.8476,0.1522,227
GCF_002895085___950,Negative,0.9975,0.0,0.0024,0.9975,129
GCF_002895085___951,Negative,0.9873,0.011,0.0017,0.9873,494
GCF_002895085___952,Negative,0.0216,0.1986,0.0216,0.7797,440
GCF_002895085___953,Negative,0.999,0.0009,0.999,0.0,300
GCF_002895085___954,Negative,0.9908,0.0,0.9908,0.0092,635
GCF_002895085___955,Negative,0.9999,0.0,0.9999,1e-04,255
GCF_002895085___956,Negative,0.9976,1e-04,0.0023,0.9976,250
GCF_002895085___957,Negative,0.9851,0.0004,0.0146,0.9851,184
GCF_002895085___958,Negative,0.9779,0.0,0.9779,0.0221,345
GCF_002895085___959,Negative,0.9789,0.0,0.9789,0.0211,656
GCF_002895085___960,Negative,0.9981,0.0,0.9981,0.0019,424
GCF_002895085___961,Negative,0.9641,0.0269,0.9641,0.0091,635
GCF_002895085___962,Negative,0.491,0.4363,0.491,0.0726,606
GCF_002895085___963,Inc-protein,0.9826,0.9826,0.0174,0.0,88
GCF_002895085___964,Negative,0.9996,0.0,0.0004,0.9996,963
GCF_002895085___965,Negative,0.997,0.0,0.997,0.003,263
GCF_002895085___966,Negative,0.9749,0.0,0.9749,0.0251,627
GCF_002895085___967,Negative,0.9885,0.0113,0.9885,0.0002,297
GCF_002895085___968,Negative,0.983,1e-04,0.983,0.017,266
GCF_002895085___969,Negative,0.9904,0.0088,0.9904,0.0009,726
GCF_002895085___970,Negative,0.4745,0.5231,0.4745,0.0023,232
GCF_002895085___971,Negative,0.9985,0.0011,0.9985,0.0004,135
GCF_002895085___972,Negative,0.8366,0.0886,0.8366,0.0748,252
GCF_002895085___973,Negative,0.3197,0.0004,0.3197,0.68,437
GCF_002895085___974,Negative,0.9079,0.0003,0.9079,0.0917,191
GCF_002895085___975,Negative,0.5607,0.0023,0.5607,0.437,220
GCF_002895085___976,Negative,0.9806,1e-04,0.9806,0.0193,132
GCF_002895085___977,Negative,0.9833,0.0,0.9833,0.0167,196
GCF_002895085___978,Negative,0.6401,0.0,0.6401,0.3599,546
GCF_002895085___979,Negative,0.5843,0.002,0.5843,0.4137,413
GCF_002895085___980,Negative,0.9441,0.0,0.9441,0.0558,206
GCF_002895085___981,Negative,0.5513,0.0016,0.5513,0.4471,77
GCF_002895085___982,Negative,0.9936,0.0,0.9936,0.0064,229
GCF_002895085___983,Negative,0.9193,0.0,0.9193,0.0807,637
GCF_002895085___984,Negative,0.8183,0.0004,0.1813,0.8183,406
GCF_002895085___985,Inc-protein,0.9999,0.9999,0.0,0.0,265
GCF_002895085___986,Negative,0.9911,0.0,0.9911,0.0089,872
GCF_002895085___987,Negative,0.9614,0.0,0.9614,0.0386,339
GCF_002895085___988,Negative,0.997,0.0029,0.997,0.0,98
GCF_002895085___989,Inc-protein,0.8008,0.8008,0.013,0.1862,465
GCF_002895085___990,Negative,0.8777,0.0279,0.8777,0.0944,194
GCF_002895085___991,Negative,0.2678,0.0003,0.2678,0.7319,425
GCF_002895085___992,Negative,0.9917,0.0,0.9917,0.0083,180
GCF_002895085___993,Negative,0.997,0.0,0.997,0.003,349
GCF_002895085___994,Negative,0.9826,0.0,0.0174,0.9826,241
GCF_002895085___995,Negative,0.9841,0.0,0.9841,0.0159,242
GCF_002895085___996,Negative,0.8915,1e-04,0.8915,0.1084,179
GCF_002895085___997,Negative,0.9919,0.0,0.9919,0.0081,447
GCF_002895085___998,Negative,0.9459,0.0003,0.0538,0.9459,59
GCF_002895085___999,Negative,0.8048,1e-04,0.8048,0.1951,569
GCF_002895085___1000,Inc-protein,0.9935,0.9935,0.0063,1e-04,401
GCF_002895085___1001,Negative,0.9889,0.0002,0.9889,0.0109,98
GCF_002895085___1002,Inc-protein,0.9946,0.9946,0.0005,0.005,277
GCF_002895085___1003,Negative,0.2005,0.0002,0.2005,0.7993,504
GCF_002895085___1004,Negative,0.8625,0.0547,0.0828,0.8625,614
GCF_002895085___1005,Negative,0.3964,0.0025,0.3964,0.6011,237
GCF_002895085___1006,Negative,0.9125,0.0,0.9125,0.0875,204
GCF_002895085___1007,Negative,0.6266,0.0003,0.6266,0.3731,293
GCF_002895085___1008,Negative,0.904,0.0004,0.904,0.0956,84
GCF_002895085___1009,Negative,0.9997,0.0002,0.0002,0.9997,530
